date,BM,IdioVol3F,Investment,Mom12m,OperProf,Size,BM_lag1,IdioVol3F_lag1,Investment_lag1,Mom12m_lag1,OperProf_lag1,Size_lag1
1973-12-31,9.34948159111086,4.32486391821099,1.46142112438819,8.4088668794009,-6.00681137929985,-10.9156231192372,-1.63809426483941,10.5367245732502,-2.66527401232493,13.7397319787377,2.43407923523105,-8.01560625071389
1974-01-31,6.359184651863,-11.0308415663427,2.8382143563546,-15.562081543751,-5.743812585235,17.0544911996881,9.34948159111086,4.32486391821099,1.46142112438819,8.4088668794009,-6.00681137929985,-10.9156231192372
1974-02-28,4.99104753267974,-3.70311814483194,0.507222367517733,1.57682367692548,-3.2542614643452,0.612166853893291,6.359184651863,-11.0308415663427,2.8382143563546,-15.562081543751,-5.743812585235,17.0544911996881
1974-03-29,-1.44530149447352,-2.67194022228651,0.746738588324233,-1.44974295494665,4.20258589972666,4.94973234484295,4.99104753267974,-3.70311814483194,0.507222367517733,1.57682367692548,-3.2542614643452,0.612166853893291
1974-04-30,-0.251395036727255,4.10955307904558,-1.4627894794232,5.47216738918363,0.794363957236327,-0.22545062517293,-1.44530149447352,-2.67194022228651,0.746738588324233,-1.44974295494665,4.20258589972666,4.94973234484295
1974-05-31,-7.13484768855484,9.31387658918982,-1.44167054478995,-0.528914468319405,9.93571004509595,-2.79027242065894,-0.251395036727255,4.10955307904558,-1.4627894794232,5.47216738918363,0.794363957236327,-0.22545062517293
1974-06-28,1.22398083250231,3.1928393840282,1.24781749612677,2.34099927871554,-0.864959879870301,-0.863189289069768,-7.13484768855484,9.31387658918982,-1.44167054478995,-0.528914468319405,9.93571004509595,-2.79027242065894
1974-07-31,9.11711382133559,-8.16434650750389,2.38231946027306,5.38106202980563,-2.00569362801227,2.06142652598145,1.22398083250231,3.1928393840282,1.24781749612677,2.34099927871554,-0.864959879870301,-0.863189289069768
1974-08-30,2.42846590395963,2.65745811937527,0.0252291152580959,3.16566139655149,-0.573394198358436,1.40055354415691,9.11711382133559,-8.16434650750389,2.38231946027306,5.38106202980563,-2.00569362801227,2.06142652598145
1974-09-30,7.89410887539979,1.02317095302914,-0.161051427159338,-0.904932737419269,-5.94928252016075,3.03654462521099,2.42846590395963,2.65745811937527,0.0252291152580959,3.16566139655149,-0.573394198358436,1.40055354415691
1974-10-31,-15.0849377775694,-2.81197427274806,-3.25749942024213,-0.685417019169869,1.42490250791085,-15.4916916856085,7.89410887539979,1.02317095302914,-0.161051427159338,-0.904932737419269,-5.94928252016075,3.03654462521099
1974-11-29,0.165969079569723,1.70792690435213,-0.290949262552612,-0.6018823530078,-3.60803605009538,-1.7464912698039,-15.0849377775694,-2.81197427274806,-3.25749942024213,-0.685417019169869,1.42490250791085,-15.4916916856085
1974-12-31,0.601964041643838,7.44481264291823,-1.21236345276718,2.41516051250941,0.796951213629617,-10.0598286554397,0.165969079569723,1.70792690435213,-0.290949262552612,-0.6018823530078,-3.60803605009538,-1.7464912698039
1975-01-31,13.9255799911606,-21.3705350844073,3.67424540093421,-17.1179472063761,-4.08004716866219,14.4544895731446,0.601964041643838,7.44481264291823,-1.21236345276718,2.41516051250941,0.796951213629617,-10.0598286554397
1975-02-28,-8.87009449074939,-1.9441930915214,0.984105927700833,-1.5402449906774,3.95787136603341,0.92409279800827,13.9255799911606,-21.3705350844073,3.67424540093421,-17.1179472063761,-4.08004716866219,14.4544895731446
1975-03-31,4.75810906306411,-5.83951462183369,-0.313682081528611,0.150732313052043,-3.58353872480185,6.30092744388487,-8.87009449074939,-1.9441930915214,0.984105927700833,-1.5402449906774,3.95787136603341,0.92409279800827
1975-04-30,-0.585447203706541,2.9945855417608,-1.9655522473816,-0.135021233000836,-1.43520813160757,-3.18235367243026,4.75810906306411,-5.83951462183369,-0.313682081528611,0.150732313052043,-3.58353872480185,6.30092744388487
1975-05-30,-2.67838474478691,-3.26163314377453,2.33060045419087,-3.68349913186873,-0.817121001696492,2.86571739133182,-0.585447203706541,2.9945855417608,-1.9655522473816,-0.135021233000836,-1.43520813160757,-3.18235367243026
1975-06-30,3.80023219549273,-0.408957294454551,-1.233220733462,-4.07398944225863,-4.27248946400101,2.15859121864039,-2.67838474478691,-3.26163314377453,2.33060045419087,-3.68349913186873,-0.817121001696492,2.86571739133182
1975-07-31,3.17838780713682,-0.829446454779876,3.013217004129,3.18992661771783,-2.56278543567274,9.89500882680926,3.80023219549273,-0.408957294454551,-1.233220733462,-4.07398944225863,-4.27248946400101,2.15859121864039
1975-08-29,-2.86993984530593,4.44631360828516,-2.40679315376339,0.535344424708294,3.44832742764091,-3.06607287911234,3.17838780713682,-0.829446454779876,3.013217004129,3.18992661771783,-2.56278543567274,9.89500882680926
1975-09-30,-0.256234180884054,3.9755953044014,1.89905700543719,4.36569760982575,3.79447534708202,-0.481987802902773,-2.86993984530593,4.44631360828516,-2.40679315376339,0.535344424708294,3.44832742764091,-3.06607287911234
1975-10-31,-4.0689700854646,6.86352378853522,-0.362055798979577,3.15950243566073,2.74203474338842,-6.98038975129987,-0.256234180884054,3.9755953044014,1.89905700543719,4.36569760982575,3.79447534708202,-0.481987802902773
1975-11-28,0.640156216821251,1.12521584464504,-0.0624978002401493,2.36462276977007,-1.15572272641527,-2.58055672025026,-4.0689700854646,6.86352378853522,-0.362055798979577,3.15950243566073,2.74203474338842,-6.98038975129987
1975-12-31,2.61871741885261,-2.85242931497651,2.61583425544884,-0.703875124426318,1.11366592219018,0.444547312461999,0.640156216821251,1.12521584464504,-0.0624978002401493,2.36462276977007,-1.15572272641527,-2.58055672025026
1976-10-29,-1.85660981484528,-0.731539619794755,-0.293835699656099,0.991519920575084,-0.0486417269612374,-0.183769738357356,-0.754505920780761,0.144708548500035,0.837820277454709,1.05500173819332,2.07932347283417,-2.10071662519114
1978-05-31,3.79392963635009,-7.42516523766253,0.91171434142433,6.06720856493391,-3.25853489833319,9.50974293087712,-4.54091503724378,1.69921403779849,0.0632551522587068,-0.401642432876187,0.0783959321057921,-0.347483494567784
1978-06-30,0.488713301011883,-1.423030240032,1.33298916329447,4.0460120506472,-0.185048455327049,4.34628727849884,3.79392963635009,-7.42516523766253,0.91171434142433,6.06720856493391,-3.25853489833319,9.50974293087712
1978-07-31,-0.533942047174398,0.465061809647689,-0.132116330264745,4.51591474013528,-0.245366623043751,-1.60215868347167,0.488713301011883,-1.423030240032,1.33298916329447,4.0460120506472,-0.185048455327049,4.34628727849884
1978-08-31,0.0529157924666692,-6.11907125895312,-0.972237930967091,7.35475555603819,1.54874157240359,9.45838663487449,-0.533942047174398,0.465061809647689,-0.132116330264745,4.51591474013528,-0.245366623043751,-1.60215868347167
1978-09-29,2.82298013091777,2.36455710893958,1.41690196610417,-4.03087254179066,-0.243916352167582,3.37210257578649,0.0529157924666692,-6.11907125895312,-0.972237930967091,7.35475555603819,1.54874157240359,9.45838663487449
1978-10-31,-6.60030985646482,19.0896628383466,2.80754127182007,-14.0582797720297,5.83509745127257,-10.6614871617654,2.82298013091777,2.36455710893958,1.41690196610417,-4.03087254179066,-0.243916352167582,3.37210257578649
1978-11-30,-0.200802511866998,-4.84500163241152,-0.583033466014483,8.43752965627428,-1.07734608941905,-2.22029512126302,-6.60030985646482,19.0896628383466,2.80754127182007,-14.0582797720297,5.83509745127257,-10.6614871617654
1978-12-29,-3.09154082451649,2.09837939065177,0.203046715353482,3.46671933522994,4.34470232370093,-2.55508922688548,-0.200802511866998,-4.84500163241152,-0.583033466014483,8.43752965627428,-1.07734608941905,-2.22029512126302
1979-01-31,5.30659531300785,-5.18337703043683,-0.299608480334673,-1.34770091646033,-6.65918773974842,6.01185956910858,-3.09154082451649,2.09837939065177,0.203046715353482,3.46671933522994,4.34470232370093,-2.55508922688548
1979-02-28,0.409689283761708,-0.635742197950899,1.22407726599554,-2.03926088088957,0.154681194980609,0.596565270246043,5.30659531300785,-5.18337703043683,-0.299608480334673,-1.34770091646033,-6.65918773974842,6.01185956910858
1979-03-30,3.12306832286124,-6.53754886437482,0.314121022031705,2.48431841909474,-1.93755716652014,2.03295592422493,0.409689283761708,-0.635742197950899,1.22407726599554,-2.03926088088957,0.154681194980609,0.596565270246043
1979-04-30,0.0414132473409009,-3.94881339257633,-0.814142593527677,1.75402246994231,1.94872924661441,3.54989010731113,3.12306832286124,-6.53754886437482,0.314121022031705,2.48431841909474,-1.93755716652014,2.03295592422493
1979-05-31,0.591316221600947,1.64343772025857,2.29467296972608,-0.627226199121908,0.36381726876311,0.391228581566382,0.0414132473409009,-3.94881339257633,-0.814142593527677,1.75402246994231,1.94872924661441,3.54989010731113
1979-06-29,1.17280292992438,-3.58050434607179,1.27616986315786,-1.09919874028649,-0.424242343679213,0.179722911936271,0.591316221600947,1.64343772025857,2.29467296972608,-0.627226199121908,0.36381726876311,0.391228581566382
1979-07-31,3.48510423513859,0.787972038607257,-2.27788016395958,-1.49211324209964,-1.24035195344639,0.554261327196033,1.17280292992438,-3.58050434607179,1.27616986315786,-1.09919874028649,-0.424242343679213,0.179722911936271
1979-08-31,-0.0416238986738175,-0.615147640453175,-0.920838961212213,0.82582583177709,-2.25348399817226,0.287147671310175,3.48510423513859,0.787972038607257,-2.27788016395958,-1.49211324209964,-1.24035195344639,0.554261327196033
1979-09-28,1.38224583309109,-3.28404250658144,0.861311984908623,7.428190915653,0.994643198630169,-0.345897592682103,-0.0416238986738175,-0.615147640453175,-0.920838961212213,0.82582583177709,-2.25348399817226,0.287147671310175
1979-10-31,-3.60382639643617,5.80835609896967,2.38217171324774,7.26302361340573,4.86144582442851,-1.78134222082034,1.38224583309109,-3.28404250658144,0.861311984908623,7.428190915653,0.994643198630169,-0.345897592682103
1979-11-30,-3.79591558605034,-3.63951896112711,-0.972707877847864,7.07889288662309,-0.41383109274103,-1.86567510607378,-3.60382639643617,5.80835609896967,2.38217171324774,7.26302361340573,4.86144582442851,-1.78134222082034
1980-01-31,6.20186685151873,-8.03995927059805,1.9181879087971,9.12477269653711,-2.62891809672306,9.6907844922508,1.56640596677736,-5.51800632699392,0.450773672680427,1.03612946539857,-6.84146249881999,6.90370209634908
1980-02-29,4.66150505505576,-7.07797925557456,2.85134126437655,13.1375149720693,3.1152643843768,1.20541828458532,6.20186685151873,-8.03995927059805,1.9181879087971,9.12477269653711,-2.62891809672306,9.6907844922508
1980-03-31,-7.77392727744492,16.1290775755595,-0.631066391314787,-11.6095942762341,5.01777512098109,-7.87935905895936,4.66150505505576,-7.07797925557456,2.85134126437655,13.1375149720693,3.1152643843768,1.20541828458532
1981-01-30,8.25251131169462,8.14765140439939,-3.12122825255035,-10.6896929503429,-6.42628188273097,5.66277073015316,0.473587496589683,7.38789249476363,-3.27842717007087,-5.48035249129378,-2.60212521690809,-0.776449891889066
1981-02-27,-0.0394018453472289,1.66237727188193,-1.89694616660133,-2.07178086556176,-2.31311164493906,-2.89915765434063,8.25251131169462,8.14765140439939,-3.12122825255035,-10.6896929503429,-6.42628188273097,5.66277073015316
1981-03-31,6.77914606892083,-1.34515216484256,0.591544174998147,-6.58619508216202,-10.3964965413204,3.08079294610146,-0.0394018453472289,1.66237727188193,-1.89694616660133,-2.07178086556176,-2.31311164493906,-2.89915765434063
1981-04-30,2.13575073454981,0.644601361538171,-2.96816451327344,0.980354100848418,-4.33610412759278,6.94811035142619,6.77914606892083,-1.34515216484256,0.591544174998147,-6.58619508216202,-10.3964965413204,3.08079294610146
1981-05-29,0.63768551897875,-2.76811803447278,-1.31389270445668,3.22667415631045,-1.50082367649921,3.91010609444581,2.13575073454981,0.644601361538171,-2.96816451327344,0.980354100848418,-4.33610412759278,6.94811035142619
1981-06-30,2.72433146336634,1.62362750889784,0.834377536417761,-7.28844607793394,3.36482755328225,0.333603389281355,0.63768551897875,-2.76811803447278,-1.31389270445668,3.22667415631045,-1.50082367649921,3.91010609444581
1981-07-31,-4.97811590120078,-3.05216788266369,2.76478364022403,-4.08194932808016,5.71130301389343,-1.06848067259856,2.72433146336634,1.62362750889784,0.834377536417761,-7.28844607793394,3.36482755328225,0.333603389281355
1981-08-31,1.91387497130611,5.34903878771579,-0.987102010665607,-3.76821545681515,2.48832216437552,-2.432084084856,-4.97811590120078,-3.05216788266369,2.76478364022403,-4.08194932808016,5.71130301389343,-1.06848067259856
1982-01-29,1.4738825456133,7.15083786084022,-0.774954063373156,3.40466459878385,0.576234138816192,2.00658268173368,0.554954846897825,4.49049030116643,-1.27796933668316,-0.269568104119753,-2.11770814395185,0.381077888069772
1982-02-26,8.26451320734814,5.71359215836094,-1.01456691607588,5.65435982912795,-3.5254761402671,1.07623957571252,1.4738825456133,7.15083786084022,-0.774954063373156,3.40466459878385,0.576234138816192,2.00658268173368
1982-03-31,4.21893887251294,4.72959113363266,-1.73585589458986,4.67963815679945,-2.9380294076875,0.298245961932547,8.26451320734814,5.71359215836094,-1.01456691607588,5.65435982912795,-3.5254761402671,1.07623957571252
1982-04-30,-1.89262101906919,1.65740369138104,1.18151581088405,-2.11079965937852,1.39340083757016,2.10010961609052,4.21893887251294,4.72959113363266,-1.73585589458986,4.67963815679945,-2.9380294076875,0.298245961932547
1982-05-28,0.419145343471376,5.20519321104018,1.74252326976591,0.1176423809125,2.13510109235682,1.8065437350364,-1.89262101906919,1.65740369138104,1.18151581088405,-2.11079965937852,1.39340083757016,2.10010961609052
1985-09-30,-0.346160621992063,4.38726668149109,0.600534500508463,4.55742447922407,4.28052711683015,-3.84690053970134,0.721072223063626,2.37976080083217,0.957910498742745,2.75035230615944,1.07546832894662,0.213749313347986
1985-10-31,0.991242991718387,2.43298899900371,-1.24803068265281,4.90887069396139,4.28636112371776,-6.53548152392945,-0.346160621992063,4.38726668149109,0.600534500508463,4.55742447922407,4.28052711683015,-3.84690053970134
1985-11-29,-4.319596645977,3.78335413594761,-0.169090009661242,2.11662025732205,-1.04455365671908,-4.04488601932155,0.991242991718387,2.43298899900371,-1.24803068265281,4.90887069396139,4.28636112371776,-6.53548152392945
1985-12-31,-2.29695339504884,3.73618017621807,1.74943375915352,3.45824493630853,1.42557241856271,-4.64170756557286,-4.319596645977,3.78335413594761,-0.169090009661242,2.11662025732205,-1.04455365671908,-4.04488601932155
1986-01-31,1.4166899609437,0.179510697468393,-2.91179307111758,5.66184647853316,-3.84939013553434,6.54412034307062,-2.29695339504884,3.73618017621807,1.74943375915352,3.45824493630853,1.42557241856271,-4.64170756557286
1986-02-28,-0.293296179404115,4.67504386652631,-1.38937874541205,3.30849531493874,-0.317982994075799,-2.73324278560214,1.4166899609437,0.179510697468393,-2.91179307111758,5.66184647853316,-3.84939013553434,6.54412034307062
1986-03-31,-1.73112305906943,3.83431479431815,0.573948174102271,3.58338562726606,0.596668310775257,-0.504135320445426,-0.293296179404115,4.67504386652631,-1.38937874541205,3.30849531493874,-0.317982994075799,-2.73324278560214
1986-04-30,-4.53034052845697,-2.0968473640592,2.70112343023282,-0.527158643776684,1.24648162351883,3.10610819161879,-1.73112305906943,3.83431479431815,0.573948174102271,3.58338562726606,0.596668310775257,-0.504135320445426
1986-05-30,-1.16783226219142,1.61404111148115,0.279664010354793,2.55366431545599,4.08665017445631,3.20969299774638,-4.53034052845697,-2.0968473640592,2.70112343023282,-0.527158643776684,1.24648162351883,3.10610819161879
1986-06-30,-2.36257762927069,1.01512840387268,2.23444319468127,9.17460981728951,2.71077406150472,0.167397246582951,-1.16783226219142,1.61404111148115,0.279664010354793,2.55366431545599,4.08665017445631,3.20969299774638
1986-07-31,0.0366990452304563,6.09630107772509,2.82792929375827,4.22133664407314,5.37843921092599,-2.03107886935092,-2.36257762927069,1.01512840387268,2.23444319468127,9.17460981728951,2.71077406150472,0.167397246582951
1986-08-29,6.42455741344257,4.10862958502353,-1.37187305838399,-4.9956088733483,0.150671716646398,-8.19060912941229,0.0366990452304563,6.09630107772509,2.82792929375827,4.22133664407314,5.37843921092599,-2.03107886935092
1986-09-30,5.56226901661232,-3.31917825035235,0.338819781237563,-11.3612389329814,-1.94779826033346,1.89444183777661,6.42455741344257,4.10862958502353,-1.37187305838399,-4.9956088733483,0.150671716646398,-8.19060912941229
1986-10-31,-0.123314695922646,4.49410600519706,0.507341661635445,5.26657896724308,1.23422780713161,-5.66880000912568,5.56226901661232,-3.31917825035235,0.338819781237563,-11.3612389329814,-1.94779826033346,1.89444183777661
1986-11-28,-0.789000596194077,5.51161391461185,0.284837371090192,3.84550197309007,2.83897014363517,-3.34395370868621,-0.123314695922646,4.49410600519706,0.507341661635445,5.26657896724308,1.23422780713161,-5.66880000912568
1986-12-31,-0.309143135415801,3.23633287983972,-0.756626225846508,0.240162734145551,2.39145156532197,-2.52497592887567,-0.789000596194077,5.51161391461185,0.284837371090192,3.84550197309007,2.83897014363517,-3.34395370868621
1987-01-30,-0.293724383781585,2.10218778535493,-0.610655244408424,-1.15883411494808,-0.989761248493348,-1.56178773850505,-0.309143135415801,3.23633287983972,-0.756626225846508,0.240162734145551,2.39145156532197,-2.52497592887567
1987-02-27,-6.46680503623485,-0.543823334983436,-4.5147100642217,-1.69824323804346,-6.11149500795258,2.46651733016463,-0.293724383781585,2.10218778535493,-0.610655244408424,-1.15883411494808,-0.989761248493348,-1.56178773850505
1987-03-31,4.35403344623925,1.33913977989876,1.86929798425878,-2.88273640762083,0.91264734291684,6.05613080818287,-6.46680503623485,-0.543823334983436,-4.5147100642217,-1.69824323804346,-6.11149500795258,2.46651733016463
1987-04-30,3.26870098840989,1.72293836586824,0.454852170116481,5.30517866782598,-1.1855754534493,3.30663830342093,4.35403344623925,1.33913977989876,1.86929798425878,-2.88273640762083,0.91264734291684,6.05613080818287
1987-05-29,-0.728068704222076,1.2991971488088,1.25266890089764,0.452830707868238,-1.02175710937218,-0.160333924488479,3.26870098840989,1.72293836586824,0.454852170116481,5.30517866782598,-1.1855754534493,3.30663830342093
1987-06-30,-0.665389070872937,5.99560406811856,0.369881155307886,2.40142891641265,5.20678098147675,-2.79800623418575,-0.728068704222076,1.2991971488088,1.25266890089764,0.452830707868238,-1.02175710937218,-0.160333924488479
1987-07-31,-1.15793270244099,-0.39861430343591,-1.52621943164297,3.38141466058098,-1.63137669327823,-1.4978521376273,-0.665389070872937,5.99560406811856,0.369881155307886,2.40142891641265,5.20678098147675,-2.79800623418575
1987-08-31,-2.51973132238248,4.75331785237505,-1.90657923007458,2.47934685996528,4.58528138500209,-4.90774899596442,-1.15793270244099,-0.39861430343591,-1.52621943164297,3.38141466058098,-1.63137669327823,-1.4978521376273
1987-09-30,0.0144158815109527,0.770610754944701,1.99678770099255,1.52491866763483,-3.8962266195285,-0.23439390689549,-2.51973132238248,4.75331785237505,-1.90657923007458,2.47934685996528,4.58528138500209,-4.90774899596442
1987-10-30,-1.46826171531482,11.0731143756186,0.987215845524162,1.29416048771007,9.3089030519488,-5.16923359427454,0.0144158815109527,0.770610754944701,1.99678770099255,1.52491866763483,-3.8962266195285,-0.23439390689549
1987-11-30,4.11297280725921,-1.27367909819754,-1.71280772688307,0.688744205713878,-1.57087931502461,1.8458344275302,-1.46826171531482,11.0731143756186,0.987215845524162,1.29416048771007,9.3089030519488,-5.16923359427454
1987-12-31,-1.21618551189666,5.27139582296774,-1.68804044994278,12.7692639162424,0.771408854334442,-10.9810203022395,4.11297280725921,-1.27367909819754,-1.71280772688307,0.688744205713878,-1.57087931502461,1.8458344275302
1988-01-29,3.61902418679611,-2.43976867529839,-0.588869157327082,-7.79367477944946,1.46620087726668,4.00035732297959,-1.21618551189666,5.27139582296774,-1.68804044994278,12.7692639162424,0.771408854334442,-10.9810203022395
1988-02-29,0.712748600798916,-4.608474408897,-1.30173344352068,-1.3455685012413,-2.58912028737409,-2.68752085624986,3.61902418679611,-2.43976867529839,-0.588869157327082,-7.79367477944946,1.46620087726668,4.00035732297959
1988-03-31,4.1466291441679,-7.74829641480351,0.0911159982870348,-3.95395000200763,-4.59486010889192,5.0932461627188,0.712748600798916,-4.608474408897,-1.30173344352068,-1.3455685012413,-2.58912028737409,-2.68752085624986
1988-04-29,3.19989106854304,1.01727679221563,-0.951568571212851,2.53647696687344,-3.13801024053326,0.0715842598999639,4.1466291441679,-7.74829641480351,0.0911159982870348,-3.95395000200763,-4.59486010889192,5.0932461627188
1988-05-31,1.49734401532628,5.89447633500056,0.0208742957591504,4.43272778089839,0.614363471797106,-1.39813536140297,3.19989106854304,1.01727679221563,-0.951568571212851,2.53647696687344,-3.13801024053326,0.0715842598999639
1988-10-31,0.497899990516984,4.94218826234381,-1.21581219863564,4.0723937486334,4.39977449628292,-4.86146102075874,-2.0879420890712,5.06669492796062,-0.10387369028245,2.44269045857769,3.95994737624688,-3.42261180339654
1988-11-30,0.680098720479184,-2.03849656309669,-1.35456742231467,4.0097757023567,1.00172963131554,-3.80155409617093,0.497899990516984,4.94218826234381,-1.21581219863564,4.0723937486334,4.39977449628292,-4.86146102075874
1988-12-30,-2.20019856680355,0.648274282338475,1.1596560867825,-2.26442630556734,-2.35122284671866,-1.34481922031792,0.680098720479184,-2.03849656309669,-1.35456742231467,4.0097757023567,1.00172963131554,-3.80155409617093
1989-01-31,1.58111267031013,2.75538734339402,0.0029303320162359,-1.55884922863894,-1.69331035480678,0.621481177984797,-2.20019856680355,0.648274282338475,1.1596560867825,-2.26442630556734,-2.35122284671866,-1.34481922031792
1989-02-28,0.817858914059569,-2.22252202027739,-0.011460925590616,1.95656326545838,-2.24186810874454,2.00211848484215,1.58111267031013,2.75538734339402,0.0029303320162359,-1.55884922863894,-1.69331035480678,0.621481177984797
1989-03-31,0.125568382139361,1.6110752987446,1.5364440965667,6.39765638828647,0.22933955546424,0.0213361870701303,0.817858914059569,-2.22252202027739,-0.011460925590616,1.95656326545838,-2.24186810874454,2.00211848484215
1989-04-28,-1.72193776254836,4.55204591270936,2.21898352129872,4.37512140886835,0.51753410181523,-2.36043033802056,0.125568382139361,1.6110752987446,1.5364440965667,6.39765638828647,0.22933955546424,0.0213361870701303
1989-05-31,-1.72100989432711,1.25499210859048,0.424671511079315,2.53944149546355,-0.374508878440905,-2.78848701373385,-1.72193776254836,4.55204591270936,2.21898352129872,4.37512140886835,0.51753410181523,-2.36043033802056
1989-06-30,1.30184980030686,1.04697569141441,-0.316736745319186,3.22500426592459,0.128259125136232,-0.993966496918066,-1.72100989432711,1.25499210859048,0.424671511079315,2.53944149546355,-0.374508878440905,-2.78848701373385
1989-07-31,-2.7657103642452,9.35060166815823,-2.22184933203775,11.8252156728107,4.45298042651558,-8.69278830974903,1.30184980030686,1.04697569141441,-0.316736745319186,3.22500426592459,0.128259125136232,-0.993966496918066
1989-08-31,2.29005163252302,0.0314271196434963,-0.73680945354863,0.0720517958641083,-1.26091976794047,-2.30808498197868,-2.7657103642452,9.35060166815823,-2.22184933203775,11.8252156728107,4.45298042651558,-8.69278830974903
1989-09-29,-0.668479130794477,1.67549367225737,0.174402144423583,3.23052404965969,2.50196214621225,0.797624795622413,2.29005163252302,0.0314271196434963,-0.73680945354863,0.0720517958641083,-1.26091976794047,-2.30808498197868
1989-10-31,-3.19422473871082,5.80253999304147,-1.99763335753789,6.96632831210937,3.51197660308216,-1.5911763241593,-0.668479130794477,1.67549367225737,0.174402144423583,3.23052404965969,2.50196214621225,0.797624795622413
1989-11-30,-3.35259079769863,7.38112160243266,-1.30594322000757,3.1600309533935,-1.81918345971642,-3.87633934467527,-3.19422473871082,5.80253999304147,-1.99763335753789,6.96632831210937,3.51197660308216,-1.5911763241593
1989-12-29,-2.36167183773657,4.30081233454259,-1.11855466298584,0.210208291607025,1.92401807392729,-5.34528351989454,-3.35259079769863,7.38112160243266,-1.30594322000757,3.1600309533935,-1.81918345971642,-3.87633934467527
1990-03-30,-3.27839714081222,2.76325593062226,2.4481039834663,1.70620821635642,2.5048561198135,-0.215873487704685,3.49650794265395,0.800850163625102,0.917869071805888,-2.58691386678796,-2.25080584105236,-0.336133605848715
1990-04-30,-4.53429092407364,1.89988078210012,-0.31975268579593,5.51489869959999,3.09043562538401,1.17905059521406,-3.27839714081222,2.76325593062226,2.4481039834663,1.70620821635642,2.5048561198135,-0.215873487704685
1990-05-31,-2.22054247548192,4.73637738609371,2.08321587289563,6.57121977653287,-0.145605521686633,-7.46957969568767,-4.53429092407364,1.89988078210012,-0.31975268579593,5.51489869959999,3.09043562538401,1.17905059521406
1990-06-29,-3.80306984248038,1.56719918133416,1.78451776267283,0.881023910598934,1.18128414451954,0.488876097483822,-2.22054247548192,4.73637738609371,2.08321587289563,6.57121977653287,-0.145605521686633,-7.46957969568767
1990-07-31,-2.39961960954153,7.06149651775145,-2.84289731377805,9.7976228720788,3.76681992564416,-0.783552725995796,-3.80306984248038,1.56719918133416,1.78451776267283,0.881023910598934,1.18128414451954,0.488876097483822
1990-08-31,-2.85324295117543,1.64443982907418,-3.20852041224096,7.87907890526837,4.31461664553974,-1.16439806889489,-2.39961960954153,7.06149651775145,-2.84289731377805,9.7976228720788,3.76681992564416,-0.783552725995796
1990-11-30,0.413513954402043,0.952757596164822,4.17351124217759,-6.11091269939076,-4.10384294920906,-9.7114064961664,-5.2090570348217,10.5230699329375,-2.75418072570565,10.5025594319447,8.46914284333365,-7.79938599460989
1990-12-31,-2.60911167169286,9.33380709925715,2.39005559106193,2.67622937436463,-1.21049318828798,-8.65943961066714,0.413513954402043,0.952757596164822,4.17351124217759,-6.11091269939076,-4.10384294920906,-9.7114064961664
1991-01-31,2.99142798661865,-3.20039651865576,2.90721460363878,-7.59699788544821,-1.14136238552953,-0.733652851980005,-2.60911167169286,9.33380709925715,2.39005559106193,2.67622937436463,-1.21049318828798,-8.65943961066714
1991-02-28,1.748662254553,-11.7409022353254,3.11579744895334,-10.3261013332006,-4.01281166276437,4.14352334825413,2.99142798661865,-3.20039651865576,2.90721460363878,-7.59699788544821,-1.14136238552953,-0.733652851980005
1993-07-30,1.37031681762595,-0.840047106990337,2.29805067193156,6.84304575049569,-2.29914450251205,1.96255538606913,4.97239022698603,2.3065320746573,2.00597511547923,6.70646808624237,-2.80775070625953,4.8149488287182
1993-09-30,-0.043771260160158,-1.558484334011,0.193866441910027,6.42652198005885,-1.45889093409188,4.41533015832876,0.61428561739707,-0.311929437913753,2.031673560886,4.47675386648605,-3.101770069279,-1.97386846663449
1993-10-29,-2.45124096366909,-5.11122675232078,-0.152278341745626,-6.45358063058251,-2.93194195300162,3.03604905461804,-0.043771260160158,-1.558484334011,0.193866441910027,6.42652198005885,-1.45889093409188,4.41533015832876
1993-11-30,0.833417285337663,1.72300431888871,-0.371130563923729,-8.02724942130403,4.24257653875873,-0.629492622842887,-2.45124096366909,-5.11122675232078,-0.152278341745626,-6.45358063058251,-2.93194195300162,3.03604905461804
1994-01-31,2.82922406569751,-0.595152370278738,4.72053016905311,-1.62262028816818,-0.817215781826434,1.91741380767026,1.61489217234426,5.40707730547035,-0.632889581095049,1.82691630693117,-1.16143337226347,-3.79240653981382
1994-02-28,-2.39838041072885,-0.707929063461429,-0.142599190012611,1.29719900331213,-0.573825455789583,1.42377622169131,2.82922406569751,-0.595152370278738,4.72053016905311,-1.62262028816818,-0.817215781826434,1.91741380767026
1994-03-31,1.93760027242486,5.27402717705117,-1.49056294185887,1.41936778419555,2.0608170710029,-0.0871469924918928,-2.39838041072885,-0.707929063461429,-0.142599190012611,1.29719900331213,-0.573825455789583,1.42377622169131
1994-04-29,1.01058608367451,7.58081375072049,0.359775761514985,1.53655063494301,5.4196197044879,-3.74714428831979,1.93760027242486,5.27402717705117,-1.49056294185887,1.41936778419555,2.0608170710029,-0.0871469924918928
1994-05-31,2.55750260866051,2.62862471365826,-0.92454969468042,-2.33660484186347,1.77851179028228,-1.85824176483088,1.01058608367451,7.58081375072049,0.359775761514985,1.53655063494301,5.4196197044879,-3.74714428831979
1994-06-30,-0.293931118466458,3.60609053705788,-1.57106939327102,-2.92323138874,0.947408442449113,-0.0908686560348348,2.55750260866051,2.62862471365826,-0.92454969468042,-2.33660484186347,1.77851179028228,-1.85824176483088
2003-09-30,0.301775821221978,-1.86446013836802,-0.380207446987967,1.44851154838796,1.12106302240691,7.46042588937798,3.5381916131033,-5.9228647743758,4.50896394834345,-2.65606727028922,-6.87086757504529,4.45770318079719
2003-10-31,3.19503879784629,-5.28398379609411,4.00164298920108,8.36590267917917,-5.32884713748974,4.51176230674811,0.301775821221978,-1.86446013836802,-0.380207446987967,1.44851154838796,1.12106302240691,7.46042588937798
2003-11-28,1.56863881324454,-0.372610834495835,1.56671020763566,1.17326596152421,-1.06896919037283,4.18532084584959,3.19503879784629,-5.28398379609411,4.00164298920108,8.36590267917917,-5.32884713748974,4.51176230674811
2003-12-31,3.99017884926102,2.78181392955449,-4.83845061893877,-5.73040379207205,4.12964419442466,-2.19339312861312,1.56863881324454,-0.372610834495835,1.56671020763566,1.17326596152421,-1.06896919037283,4.18532084584959
2004-01-30,2.54986197167647,-5.43624251864312,2.96209295407664,3.84030939173914,-7.27645241327506,10.2292165406418,3.99017884926102,2.78181392955449,-4.83845061893877,-5.73040379207205,4.12964419442466,-2.19339312861312
2004-02-27,-0.911341239015588,1.66479210690628,-1.5040818237813,-1.93448095542753,2.09853320034546,-1.25378504231734,2.54986197167647,-5.43624251864312,2.96209295407664,3.84030939173914,-7.27645241327506,10.2292165406418
2004-03-31,1.09858283746761,-1.07731974406722,-0.794567050220568,-0.623290258878307,2.855563084257,2.38143482889248,-0.911341239015588,1.66479210690628,-1.5040818237813,-1.93448095542753,2.09853320034546,-1.25378504231734
2004-04-30,-1.7507153181586,7.8473235896973,-4.88769617811819,-10.3223461402594,9.76422062755212,-2.40259573733534,1.09858283746761,-1.07731974406722,-0.794567050220568,-0.623290258878307,2.855563084257,2.38143482889248
2004-05-28,1.6699256065945,-6.38882314833685,3.69417853865354,3.52979243905548,-3.73428873060792,-2.74628149973304,-1.7507153181586,7.8473235896973,-4.88769617811819,-10.3223461402594,9.76422062755212,-2.40259573733534
2004-06-30,4.43814593494046,-0.286764915049233,-0.438207696005717,1.12541343591106,-1.43241789375259,-0.561353651986682,1.6699256065945,-6.38882314833685,3.69417853865354,3.52979243905548,-3.73428873060792,-2.74628149973304
2004-07-30,1.56465512055816,8.65353144635987,-7.17272435446419,-4.65900050633114,7.5191080468533,-2.27366314725618,4.43814593494046,-0.286764915049233,-0.438207696005717,1.12541343591106,-1.43241789375259,-0.561353651986682
2004-09-30,3.05777103179652,-5.48478580061851,0.629096823269685,7.44336576996305,-4.41456050926617,2.30273950121265,-1.06947975148804,4.48591142387999,-4.67585489133578,-1.83686640768729,3.92204862833045,-2.5745222900607
2008-11-28,-4.26394699852157,6.82177691065458,0.959239163720598,16.6544583265734,5.38168708231671,-8.15161914184224,-4.41106023128088,13.5650669535137,4.79796639916891,7.66081184473304,9.79419992014121,-1.72104482157398
2008-12-31,4.63198624605069,2.15935964982509,7.31363628004689,2.81919040328188,-1.54019936578104,-7.27827267693048,-4.26394699852157,6.82177691065458,0.959239163720598,16.6544583265734,5.38168708231671,-8.15161914184224
2009-03-31,2.66322552488484,-11.1941052127943,0.0240325015187377,-13.4237114127858,-5.94270814198281,-2.56160834319198,-3.44572267109495,6.22299831519106,4.08745765206701,6.15760958621768,-1.61719022521631,-0.0271772026211217
2010-08-31,-3.89405745608867,2.44665915307636,-2.233925419127,-2.82400569876695,1.55299155921461,-1.36300869236949,1.14308048252586,-5.72530381555664,0.300159876168978,1.16958232735443,-1.80058851664437,-4.78522575277026
2010-09-30,0.615138271287625,-5.85812867117298,2.59218659731412,5.67946859674997,-1.99167115960137,-2.56786968859927,-3.89405745608867,2.44665915307636,-2.233925419127,-2.82400569876695,1.55299155921461,-1.36300869236949
2010-10-29,0.348653912973311,-1.16525956183931,1.57232144245146,-0.245046280939569,0.348896592469579,-1.96589017043393,0.615138271287625,-5.85812867117298,2.59218659731412,5.67946859674997,-1.99167115960137,-2.56786968859927
2010-11-30,-0.156187599431765,-3.60051848667386,-1.067979389017,2.14995223864762,-4.34186277851855,-7.69516587806155,0.348653912973311,-1.16525956183931,1.57232144245146,-0.245046280939569,0.348896592469579,-1.96589017043393
2010-12-31,7.34703818994811,-0.694239836253495,0.247552304943595,-5.85880283988024,-4.84962586398981,1.73294095007175,-0.156187599431765,-3.60051848667386,-1.067979389017,2.14995223864762,-4.34186277851855,-7.69516587806155
2011-01-31,-1.00428211072882,2.43159656525271,-1.55986354923926,-3.46485530664705,-2.28166639814842,1.5287055817779,7.34703818994811,-0.694239836253495,0.247552304943595,-5.85880283988024,-4.84962586398981,1.73294095007175
2011-02-28,-1.91174976669641,-0.962245926155301,0.947016738736712,2.78152938324934,-2.15545792615803,1.44697056600487,-1.00428211072882,2.43159656525271,-1.55986354923926,-3.46485530664705,-2.28166639814842,1.5287055817779
2011-03-31,-3.1571078793932,0.893294188900662,0.211090909854837,4.84337133367167,0.642310415500389,-1.89636589146121,-1.91174976669641,-0.962245926155301,0.947016738736712,2.78152938324934,-2.15545792615803,1.44697056600487
2011-04-29,-2.7074032271722,1.88471032820663,-1.19791458938556,1.70266632885359,2.00533871858089,-3.58172686895922,-3.1571078793932,0.893294188900662,0.211090909854837,4.84337133367167,0.642310415500389,-1.89636589146121
2011-05-31,-4.19502776679417,1.87334622372407,-0.593994811998279,-1.15649715131124,2.5831555364349,-0.692392914150411,-2.7074032271722,1.88471032820663,-1.19791458938556,1.70266632885359,2.00533871858089,-3.58172686895922
2011-06-30,-0.9014817451029,3.24097336580309,-1.00238286126211,2.99027829750131,2.54632314140038,-3.40546563065474,-4.19502776679417,1.87334622372407,-0.593994811998279,-1.15649715131124,2.5831555364349,-0.692392914150411
2011-07-29,-1.91789913379359,-0.388967860915157,-1.52615190305529,2.44377167646528,3.26028467648073,2.01806433781432,-0.9014817451029,3.24097336580309,-1.00238286126211,2.99027829750131,2.54632314140038,-3.40546563065474
2011-08-31,-7.74448865744179,7.60305578864943,-0.828110815428081,0.442023908441435,6.23882955495811,-2.82069817838937,-1.91789913379359,-0.388967860915157,-1.52615190305529,2.44377167646528,3.26028467648073,2.01806433781432
2011-09-30,-3.92976090264433,12.2824081723601,-3.94906055488757,-1.77472706261209,5.21164812580407,-2.26509146179845,-7.74448865744179,7.60305578864943,-0.828110815428081,0.442023908441435,6.23882955495811,-2.82069817838937
2011-10-31,5.2620773923911,-6.39999895873647,1.2516802726695,-5.010085076931,-4.07823559387668,-7.22523231870235,-3.92976090264433,12.2824081723601,-3.94906055488757,-1.77472706261209,5.21164812580407,-2.26509146179845
2011-11-30,-5.81928446643149,4.67620424119447,-2.32830088865271,4.18811943193286,2.61468888916472,-5.32194483869361,5.2620773923911,-6.39999895873647,1.2516802726695,-5.010085076931,-4.07823559387668,-7.22523231870235
2011-12-30,-0.551062016412799,3.61407192777758,-0.493810706695154,1.14429488856465,1.48117140236411,-1.0972155542869,-5.81928446643149,4.67620424119447,-2.32830088865271,4.18811943193286,2.61468888916472,-5.32194483869361
2012-01-31,3.36109988703537,-8.8610348100794,5.95144817088107,-14.4126461727135,-1.44172037609643,4.10590879227985,-0.551062016412799,3.61407192777758,-0.493810706695154,1.14429488856465,1.48117140236411,-1.0972155542869
2012-02-29,2.33391097259983,-2.94254175486547,1.52595688613436,0.0008291107278983,-0.157761442872553,1.93950457200321,3.36109988703537,-8.8610348100794,5.95144817088107,-14.4126461727135,-1.44172037609643,4.10590879227985
2012-03-30,3.07375133062499,2.24229786188124,2.90238392931413,-0.187826509275789,2.62922332309111,1.78268906237152,2.33391097259983,-2.94254175486547,1.52595688613436,0.0008291107278983,-0.157761442872553,1.93950457200321
2012-04-30,-3.32463763087505,5.7784551225451,-1.49784550333299,6.61990922831652,2.03788373128016,0.66311196834897,3.07375133062499,2.24229786188124,2.90238392931413,-0.187826509275789,2.62922332309111,1.78268906237152
2012-07-31,-2.79226309085895,5.10170026199413,-0.0365567558942171,3.86584761640211,3.71808279991558,-1.38077525993135,1.38323725089422,2.33117204062998,-0.440858363585575,-1.02000391969688,-0.359014346483265,-2.07906325777259
2012-08-31,5.30312765997664,-3.37641507613196,1.07218556517166,-2.29182898283844,-1.61527880385599,-0.498341494848062,-2.79226309085895,5.10170026199413,-0.0365567558942171,3.86584761640211,3.71808279991558,-1.38077525993135
2012-09-28,1.6884189486993,-1.1157826161834,0.93952573720399,-2.70840091282938,-1.35413860548821,0.390762535722208,5.30312765997664,-3.37641507613196,1.07218556517166,-2.29182898283844,-1.61527880385599,-0.498341494848062
2012-10-31,6.10163389807318,2.85824293284508,-0.303679665239354,1.17415402405816,-0.462946256141225,-0.898754329203838,1.6884189486993,-1.1157826161834,0.93952573720399,-2.70840091282938,-1.35413860548821,0.390762535722208
2012-11-30,-1.7354715872783,-1.59068853675467,2.15043388103472,4.21631780605642,-1.29928817159223,-2.22116953394807,6.10163389807318,2.85824293284508,-0.303679665239354,1.17415402405816,-0.462946256141225,-0.898754329203838
2012-12-31,5.36525322754912,-1.33123716785804,-1.08702352174293,-3.38022265584938,-3.00483570816371,-1.53347551173236,-1.7354715872783,-1.59068853675467,2.15043388103472,4.21631780605642,-1.29928817159223,-2.22116953394807
