date,BM,IdioVol3F,Investment,Mom12m,OperProf,Size
1964-01-31,,,,,,
1964-02-28,,,,,,
1964-03-31,,,,,,
1964-04-30,,,,,,
1964-05-28,,,,,,
1964-06-30,,,,,,
1964-07-31,,,,,,
1964-08-31,,,,,,
1964-09-30,,,,,,
1964-10-30,,,,,,
1964-11-30,,,,,,
1964-12-31,,,,,,
1965-01-29,,,,,,
1965-02-26,,,,,,
1965-03-31,,,,,,
1965-04-30,,,,,,
1965-05-28,,,,,,
1965-06-30,,,,,,
1965-07-30,,,,,,
1965-08-31,,,,,,
1965-09-30,,,,,,
1965-10-29,,,,,,
1965-11-30,,,,,,
1965-12-31,,,,,,
1966-01-31,,,,,,
1966-02-28,,,,,,
1966-03-31,,,,,,
1966-04-29,,,,,,
1966-05-31,,,,,,
1966-06-30,,,,,,
1966-07-29,,,,,,
1966-08-31,,,,,,
1966-09-30,,,,,,
1966-10-31,,,,,,
1966-11-30,,,,,,
1966-12-30,-0.09733060340076603,-0.24395211639698988,0.25807929276408426,1.1861515640584452,0.06031820156706661,1.1935545977654045
1967-01-31,0.11130865658612886,-0.665806738527361,0.2743035598808013,0.9801111622869776,0.018173215721328,1.48247639934361
1967-02-28,-0.0021915912785061367,-0.871154518863035,0.3349794442690257,1.0807779822821633,0.09225310417132747,1.6780215710459052
1967-03-31,0.002261555480908025,-0.9323048972629147,0.25329777982048046,1.0930940966827238,0.14750275504106936,1.7302663419858404
1967-04-28,-0.12890685030566904,-1.0438711721730902,0.3675499582216506,0.9937170759006858,0.4097269128785999,1.7448450731395428
1967-05-31,-0.05845432531635411,-1.1545363563458777,0.40441044530611947,0.9771921645601468,0.2950702435003805,1.937535758858243
1967-06-30,-0.03120364585642299,-1.5412581813703718,0.42048243444218475,1.0912677174630239,0.32006780518127026,2.33107374722915
1967-07-31,0.143779838172152,-1.7035347269407903,0.4161207550855481,1.0443996383918306,0.21319280888776931,2.477629883649188
1967-08-31,0.2045411701836868,-1.6996177218826756,0.480555823147059,1.0796144381281798,0.2452486804567802,2.5162580557579934
1967-09-29,0.0665670309227493,-1.7510363329410077,0.6019022766063201,1.0398423356552744,0.28073101651898,2.6658671206942555
1967-10-31,-0.049985965646403674,-1.8001991924756622,0.5912864174348802,1.1728089660876235,0.4638859538016706,2.693350469696191
1967-11-30,0.0002445996219196574,-1.7754220122980044,0.6432277167967639,1.137216808666226,0.5457753433818804,2.648944498043456
1967-12-29,0.19893386613607078,-2.109918946159314,0.7689540428833521,1.2470446307541796,0.4014281681150401,3.0042139762981908
1968-01-31,0.36902595198915533,-2.035444446397907,0.8535766416587811,1.1852581138289802,0.21501506105639054,3.2392036040476992
1968-02-29,0.349300478554332,-1.6845129089625677,0.708838036715932,1.071452584767944,0.2845586817050178,2.952290293105661
1968-03-29,0.2494565381234093,-1.5589928203445753,0.7298608209825239,1.1926669027337857,0.24650078063847744,2.745972540262166
1968-04-30,0.2659069007011955,-1.8255816204385047,0.7572953402895766,1.4248528977930286,0.18300491652071899,2.966424252391955
1968-05-31,0.3620178007297952,-2.0842758976149542,0.9209795785298197,1.583868554245708,0.20861513623179273,3.4205771008006534
1968-06-28,0.36065244951168846,-2.2197175283254413,0.9594429408047827,1.6179102822081575,0.14918094607759894,3.5774645820165247
1968-07-30,0.48743978373260954,-2.0560904327983627,0.9211795602583623,1.347010855288007,0.09459420090366293,3.5474667937237716
1968-08-30,0.5485348843080573,-1.9912238273708789,0.9413124025035317,1.2904378904436853,-0.035328392718277084,3.6342508449894666
1968-09-30,0.7314840713390477,-2.040384614714864,0.952324626300326,1.2835021234262085,-0.15261896737612096,3.790232075240347
1968-10-31,0.7523526132081293,-1.7186856039187204,0.9315862793919715,1.11069890691437,-0.3501152204646165,3.6281331223195306
1968-11-29,0.7122631503140078,-1.5333743998026117,0.876619587268127,1.0187054473131678,-0.31216234410082944,3.40927435421642
1968-12-31,0.6809693784802892,-1.5790806272607418,1.0156307531584785,1.0273024653373153,-0.3780977500462466,3.5207744224394784
1969-01-31,0.6654602856208953,-1.4332570393896071,0.9973716856626881,0.7957359172798885,-0.411510635656749,3.249614366879369
1969-02-28,0.5821609633917814,-0.942532379684996,0.9207411575146409,0.5572409485488832,-0.33205845786654054,2.815613625992942
1969-03-28,0.6804534168642226,-0.9097508202804252,0.8623280383690888,0.5816675852016066,-0.419384852257823,2.67176314455559
1969-04-30,0.6657122276173297,-0.8165193508883966,0.7636583581305282,0.45544375029601347,-0.41026563625042034,2.444729408039491
1969-05-29,0.7619561856396894,-1.0282666089257022,0.8062663646421543,0.781674471823383,-0.4752645865955759,2.743710016854717
1969-06-30,0.5587793743899225,-0.6448769107726624,0.7013838490259282,0.4354695467017883,-0.23960949686008848,2.4757846268734998
1969-07-31,0.5127775768304828,-0.5589049079218488,0.6605631551992982,0.5876607822930286,-0.16257755846265404,2.339700511085397
1969-08-29,0.3630422125681502,-0.7027706934265853,0.6691051270665443,0.7914846618745641,-0.10968076858477459,2.4131196154533185
1969-09-30,0.30326747434839585,-0.761918381397458,0.6283024136839466,0.9043011170410781,0.02710598999718932,2.410881614151296
1969-10-31,0.2563781717310324,-1.1531736647335362,0.7093062555451206,1.0426985880660005,0.17898187835022464,2.8839381625645433
1969-11-28,0.3224274073932643,-0.7239315247317029,0.6800321213290704,0.8212429546617523,0.18725415281752936,2.7041289516269793
1969-12-31,0.12656367819132125,-0.5680719512816003,0.7210585044830237,1.0259162888811177,0.2874664058469583,2.437787061164154
1970-01-30,0.005367096326928185,-0.11856781022680526,0.6718025168916492,1.2358762283999263,0.21870422932022582,2.277126271797917
1970-02-27,0.17879724474130987,0.17269999777542475,0.5621731527827974,1.1712789477556516,0.053990241345921355,1.953195445633316
1970-03-31,0.23593525737150683,0.3093279847322753,0.5415771417108503,1.1544281296418966,-0.02714862793878154,1.7859359790237654
1970-04-30,0.43545355461354096,0.6028486366202498,0.49685197131675607,1.4375822553149016,-0.11538748576802958,1.4678910248607038
1970-05-29,0.489661206595779,0.90679638097262,0.36193436212073216,1.416802710226727,-0.008643218920015343,1.2058706250312523
1970-06-30,0.41072559838124345,1.4148332668524304,0.21408649830882573,1.5168922487625387,-0.0670344859879627,0.7415125908696898
1970-07-31,0.42268999979020344,1.6185042439931978,0.23521016929524383,1.5772765597883447,-0.09992508233907299,0.3969516928128298
1970-08-31,0.392912933348154,1.4286885541104344,0.13608656622130702,1.318603413693964,-0.12177361075525105,0.3249518938159872
1970-09-30,0.3359110099895893,1.0470609720230923,0.13856428050313951,0.885374967227339,-0.0701527229797309,0.48817024321651803
1970-10-30,0.3969358041951669,1.3605048216816833,0.11819966530083775,1.134353137875809,-0.15124574519163209,0.20198786699566834
1970-11-30,0.48088421468819603,1.5393708528155288,0.05851720637862348,1.2995597028597983,-0.1452945919197104,-0.021362969147241156
1970-12-31,0.4587649976792691,1.7788545150359794,-0.011300689163809571,1.0868774102851335,-0.08058351287226248,-0.18098631096267168
1971-01-29,0.36666445453659907,1.4921709275372594,0.05197451879965932,0.9858229266240944,0.04926195827403667,-0.06391918144339945
1971-02-26,0.34952587576019295,1.1610712064852964,0.09485013616240803,1.1347799614588236,0.08123582889459974,0.3075944093040508
1971-03-31,0.3241061507123946,1.104343894748724,0.046534893141908736,0.8499510972610754,0.13179558468093455,0.4881365499060241
1971-04-30,0.3720430436171115,1.403170339859565,0.0694204491753344,0.5795010571577911,0.06225035755989604,0.13295566672948192
1971-05-28,0.2817290992481023,1.6769010784220306,-0.026489814367140437,0.44665419267117706,0.11002692508327508,-0.4059836793392355
1971-06-30,0.24906756504544494,1.7016964708460531,-0.024736035106140017,0.6107442694838744,0.2336739941061845,-0.5467626470994765
1971-07-30,0.061978938047971215,1.7394310233670152,-0.11734236952099529,0.6080285555085202,0.32401516573181344,-0.6365240383281029
1971-08-31,0.16078563022818898,1.7044796709233139,-0.14635058774930432,0.6887206695425638,0.3619732492702792,-0.8004008842904449
1971-09-30,-0.08272042867000964,1.8576989092871097,-0.16224756103620527,0.6231246254146243,0.5798609524808289,-0.9150979818656572
1971-10-29,-0.2572231127126771,1.9053793588212349,-0.16013126117099744,0.8583345079769726,0.8033681657212792,-0.979954961166494
1971-11-30,-0.30891227583533826,2.1116552133817503,-0.23195748033234523,0.863020506678994,0.9336842914319453,-1.1790640781208714
1971-12-31,-0.31694203249201824,2.1311823453483365,-0.13069669080345409,0.7966763136765574,0.9933688577875779,-1.306465350600016
1972-01-31,-0.24851551076482853,1.891258125498924,-0.06604497343496561,0.7904096471207688,1.0117798123532982,-0.8407580127274321
1972-02-29,-0.3293889195367443,1.6691402520447314,-0.036560804571405675,0.8552752416088131,0.9461288683128544,-0.5739136258027682
1972-03-30,-0.37889780309580384,1.7308014588303617,-0.041843057738140704,0.769349650718916,1.0418044690455557,-0.6164061611724472
1972-04-28,-0.350220371307893,1.780325070390622,0.021122951485478887,0.8131486784598664,1.0305401854299667,-0.5325891592110458
1972-05-31,-0.5511681928064254,1.904081685849201,0.0036786755884294425,0.8919256691652385,1.1419044317492133,-0.7382085538608111
1972-06-30,-0.4746714408522418,1.6219473333892032,0.06560369807730443,1.2687943024336739,0.9741524460057241,-0.5481747425856724
1972-07-31,-0.4972019803403051,1.6622514463855538,-0.06820297183472945,1.2844994430170469,1.0138129622938767,-0.47238669068305633
1972-08-31,-0.2140580355038857,1.8329196066662625,-0.03207020577814834,1.0046903401258247,0.7990132898078954,-0.5859852920285689
1972-09-29,-0.16402357524205433,1.9387782607697086,-0.0829795699647012,1.117806635399409,0.8029707390594581,-0.6106738906147803
1972-10-31,-0.12416251489946625,2.1640173972626515,-0.15983446580849028,1.3194188640914313,0.829166948538087,-0.9348279078157452
1972-11-30,0.16401883761729738,2.053914055924163,-0.17503163432207666,0.9180342004435561,0.60344897081418,-0.8972628745185823
1972-12-29,0.14963588514565956,2.0589867023516635,-0.30090456513528996,0.9414313963919443,0.6442572955031959,-0.7937063176191177
1973-01-31,0.027136900645297626,2.2115758483250816,-0.3663265795884017,1.145882838888422,0.7438472730686393,-0.9543307871496426
1973-02-28,-0.09756694091066341,2.173546240877099,-0.3635919748251108,1.2193382966823985,0.8763854528259768,-0.9540117727842902
1973-03-30,-0.15640949680889535,2.11620070830463,-0.34183179008964104,1.337027273944221,0.8906212470307955,-0.9392236215686341
1973-04-30,-0.17427263544595784,2.0225008344140663,-0.34156736873929144,1.352426711627353,0.8344905290712734,-0.7229632342656449
1973-05-31,-0.4339847915106454,2.044136712711625,-0.39184963223093977,1.6228940295086403,0.9357849581539642,-0.8791684467890453
1973-06-29,-0.4672732607439284,1.8846656939605175,-0.36392042812271974,1.5884460100126492,1.0315851565522867,-0.8534036669298374
1973-07-31,-0.588422029335163,1.4188468601930555,-0.3303637462657593,1.087013518643016,1.0220282033657044,-0.5554685262081647
1973-08-31,-0.5404051973478636,1.6528323638434197,-0.20850273840469458,1.4696464000238842,0.959376383664791,-0.6419650379586561
1973-09-28,-0.1947944139070828,1.9565208372207878,-0.23511093846801456,1.7449337559741456,0.6309477069737451,-1.0528886317345274
1973-10-31,-0.0740710697343278,1.75423026897019,-0.20996063073343907,1.5793340420673578,0.5297181084036697,-0.8769454305848795
1973-11-30,-0.1322146230580653,1.8313132322355503,-0.22982958769746797,1.7954076686625509,0.5802514857183526,-0.7988170210486126
1973-12-31,0.07581838802835107,1.9673119951023754,-0.2434303800965002,2.12020237204706,0.40505494044723944,-1.2045542802113944
1974-01-31,0.17526295504223802,2.0189219528809312,-0.2905920934779794,1.9634318810483786,0.2844537712626225,-1.232796955673375
1974-02-28,0.33819227138152114,2.004949173622411,-0.27053561311457797,2.0227394940106986,0.15210125107398914,-1.4220618654384312
1974-03-29,0.39731216615691695,1.9334235544358163,-0.2515904682827283,2.1341590108000026,0.19352438212146916,-1.3784883563777532
1974-04-30,0.3170311192084021,2.008551909553697,-0.3315554465484055,2.220134213049501,0.26271016193026936,-1.312713352968312
1974-05-31,0.16617837187179818,2.2180346638392248,-0.38500132070857185,2.139288025131498,0.4953899223136849,-1.323327017537676
1974-06-28,0.2516110068103876,2.1815427474909797,-0.3651646260088521,2.0652176293310434,0.422690620887124,-1.2219408974434878
1974-07-31,0.52241890628972,1.8102559384172672,-0.2543493726346451,2.2879970729405494,0.35293244137824764,-1.0900782677331557
1974-08-30,0.43816128480726746,1.9565739350949858,-0.23879903895351193,2.202189412883217,0.35913011048631427,-0.9893494209417266
1974-09-30,0.7448255535785041,1.9372430410136856,-0.23128451444250148,2.152420295442933,0.11128250788327285,-0.9067504242702034
1974-10-31,0.3912706133743252,1.684538054866326,-0.29629766825421877,1.9855945878304202,0.01713159733885227,-1.2644862343321432
1974-11-29,0.5025732330367062,1.580730894669064,-0.22279731844430162,1.8687811808120145,-0.19353324290477827,-1.148359244171613
1974-12-31,0.4756303404745564,1.8524411514991508,-0.3808989718376121,1.9910209778823331,-0.12734938092832201,-1.5209021467145898
1975-01-31,0.7204410011415912,1.5402134328952648,-0.32549403811564576,1.5598328297973318,-0.202902355598317,-1.594459843283609
1975-02-28,0.6059571921224517,1.4744383633609943,-0.2862444349984887,1.5175406350183334,-0.130650565360087,-1.6473583238658234
1975-03-31,0.746923209169589,1.2541414424295834,-0.27155014685493484,1.4323605541315816,-0.3357365498159645,-1.4212431245393664
1975-04-30,0.7562261118318842,1.2973289819834783,-0.3462578724112053,1.3683017456749356,-0.36567302194279294,-1.5030456359688116
1975-05-30,0.8575323329293766,1.0716029203875714,-0.3406629053280622,1.0646514768087383,-0.5087404795195103,-1.2772529136723656
1975-06-30,1.0719738106920487,1.0334266147050508,-0.332940666481875,0.8311295364865054,-0.7135723107217873,-1.1568461324403594
1975-07-31,1.235016867870762,0.8053209604006285,-0.17076904882054555,0.7725680316795684,-0.9388003319668642,-0.8040048385618245
1975-08-29,0.9935783743074791,0.822125573415259,-0.2988682167005289,0.9790686813936402,-0.6702172125965757,-0.7370749838409031
1975-09-30,1.0688482063103666,0.7965728114435361,-0.20508211594261025,1.009741249601588,-0.6371573095727172,-0.6527393983491284
1975-10-31,0.9858086512867585,0.7828258419281141,-0.19766866998408336,1.0349298093522545,-0.575196720969195,-0.7141152463394292
1975-11-28,0.7686493384036572,0.8443113999126532,-0.24561410587022303,1.3249773013032908,-0.4878218427222619,-0.7170864268879772
1975-12-31,1.0142270434545988,0.5882091754752893,-0.10001957616278279,1.0787110768783914,-0.5907946399400489,-0.5453294372648309
1976-01-30,1.4045000551744045,0.09055495072534238,0.007012580293883772,1.0539533413314774,-0.8535312203872483,-0.4075711421668372
1976-02-27,1.7404298376602771,-0.3443599049625179,0.14461925973680823,1.1182900067908497,-1.0399809942053309,0.19828535842599657
1976-03-31,1.6526057258362565,-0.3347645574118135,0.1633960253905848,0.9537629444743746,-1.0876501048080423,0.2806492778451339
1976-04-30,1.622420720692572,-0.5310911030960584,0.20966303956005064,0.8086459079580175,-1.0823329648755822,0.37019568460206664
1976-05-28,1.7692725589846878,-0.7026185567752291,0.376113756087522,0.4817799512518486,-1.0938515634785828,0.5721352319930371
1976-06-30,1.8457222902477615,-0.7104336487152465,0.43264386659332227,0.27982507185275746,-1.1879940202277155,0.5138070760185199
1976-07-30,1.925835477087905,-0.1758785983651691,0.47709740979334625,0.7572881698203706,-1.0370543916663584,0.4108748663330983
1976-08-31,1.8178804280201577,-0.06324057000869658,0.4533746835940458,0.6093503767268776,-0.9722095028544976,0.41948286315509303
1976-09-30,1.5665770791721485,0.08228653871998912,0.4185959619184222,0.8429651874711143,-0.6609980348250806,0.4174510839973741
1976-10-29,1.451042577602581,-0.02346857692253436,0.4104554943964142,0.6564581433092208,-0.5798775321808811,0.4392911867117698
1976-11-30,1.6497402520390598,-0.4676705155627685,0.6202335291212084,0.31997655018594523,-0.736599251883108,0.6976456285737632
1976-12-31,1.518379524150712,-0.686183386547545,0.6049966087025976,0.13693758230240358,-0.5746742931878783,1.1212470121187197
1977-01-31,1.6011363919889336,-0.4815735254070893,0.6456268487250273,0.8159587518740751,-0.4207769086350752,1.0029971307422139
1977-02-28,1.4652479484294452,-0.38178066045847636,0.588072091091757,0.7536383623248039,-0.3457853710916614,1.108659436346389
1977-03-31,1.5663496992197032,-0.32815524311690747,0.5406882459816225,0.8503071034048568,-0.47311761457085155,1.0630947639411117
1977-04-29,1.6562731254215746,-0.4611168934423387,0.6190023580329215,0.8829086077801631,-0.5436875693683931,1.1044663542410535
1977-05-31,1.8742843599763874,-0.7165584723396626,0.7291730090051028,0.972723882094377,-0.7731057546612176,1.248230042998021
1977-06-30,1.874868275033099,-0.9102304196286694,0.7579630721362691,0.9371227084206583,-0.6994972927504208,1.2472296205373723
1977-07-29,1.5899163483104435,-0.6823514623625524,0.7740404513407734,0.818182252671279,-0.5749087890915489,1.3296934099097026
1977-08-31,1.4205689411952513,-0.7547254004843733,0.789888240748891,0.6494343997020612,-0.5731383452391018,1.3360257540375455
1977-09-30,1.2170974332212325,-0.7678531680132976,0.7918931788839819,0.7544534710948009,-0.3070920255929423,1.3227753143291874
1977-10-31,1.6378043969977631,-0.6588251826635401,0.9223297961572272,0.7580461375625771,-0.338179656462892,1.801125967334841
1977-11-30,1.734815225397503,-0.8065742477972551,1.0248940932591342,0.9079264771862238,-0.3098100787678092,1.8758379418163724
1977-12-30,1.7352619160248832,-1.0139833854398113,1.0520329734143858,0.8710298031988657,-0.26829026907718273,2.2254261597572293
1978-01-31,1.483562769794758,-0.5960911145271568,0.9596134853063809,1.4093580022385825,-0.17550049034986812,2.0316171032478403
1978-02-28,1.7698020754998436,-0.5802220631238987,1.0183764148232024,1.6030180718696616,-0.29310314467524956,2.167644053030236
1978-03-31,1.7502393585412221,-0.5370463681196692,1.068084911495377,1.6810668469051604,-0.26700645534509015,2.1317968776527896
1978-04-28,1.6403652520540766,-0.5730289098964001,1.1244406725964966,1.6736607024641785,-0.22496189801971894,2.210543271482303
1978-05-31,1.8201517626412154,-0.6886825791710668,1.085027169464093,1.9445136940420298,-0.2927789507040716,2.3950995364696723
1978-06-30,1.7281651266834144,-0.7168512721037736,1.1563107777073283,2.1700692910671915,-0.1792389226853505,2.4558688714657406
1978-07-31,1.6250448529525472,-0.6808927092030079,1.068940407307502,2.2069022944676764,-0.11486617789010081,2.1365031072912704
1978-08-31,1.7062352873351194,-0.9743756221818491,1.1087891634962879,2.3963303814490624,-0.16763245164669305,2.4844047604575707
1978-09-29,1.7917690182185035,-1.0191266831669,1.0953959679592595,2.1630923216819395,-0.2798099988480709,2.591462826532273
1978-10-31,1.7214540245796082,-0.6795117095610279,1.1834403310370276,1.6848205936905387,-0.19389159029573338,2.489210120686008
1978-11-30,1.6980940598938234,-0.8453510839237102,1.1689810069877404,1.8535124516489891,-0.19171446149028282,2.4992173873245425
1978-12-29,1.5394757753557928,-0.7078286198784802,1.1019591308739805,1.9693622977505518,-0.10196345033720644,2.4158941501204456
1979-01-31,1.3377116037926529,-0.6268491990224724,1.0878804782270275,1.7360073871058617,-0.08503842170302087,2.3868480881469165
1979-02-28,1.0250590529609669,-0.3309410783106834,1.0378440092097114,1.4955555599219137,0.06713448633645717,1.9064371973361949
1979-03-30,1.1437737296648405,-0.5906113148253095,1.0367555756906066,1.5916744361063815,0.05890825935768911,1.967294186418625
1979-04-30,1.1029631946935214,-0.7282801804034348,0.9857616286261462,1.5845572365814282,0.10248907984393324,2.0338445217501095
1979-05-31,1.1057763136526637,-0.7459641425216226,1.015000521862103,1.5687799478185551,0.016458675814110195,2.111487716867111
1979-06-29,1.1066601204783413,-0.9186123688036696,1.0580809798221233,1.5590035993276306,0.040124166930032054,2.233414111008179
1979-07-31,1.116308490818095,-1.0139266400681621,0.9637042777786119,1.5299341068700438,-0.008474981631906723,2.2033244011656747
1979-08-31,1.1341582568883926,-1.235166272198349,0.9201474876204723,1.5846802518876393,-0.05778343033422187,2.2843229777338316
1979-09-28,1.1935124722737216,-1.330409357061723,0.9208000350497474,1.7617132845948527,-0.08791343795099966,2.3330679508590833
1979-10-31,1.1449786783406415,-1.1487455870960448,0.9951335742970764,1.935921720506815,0.04847788292093776,2.2886909374573334
1979-11-30,0.8863415227594149,-1.0983281910774023,0.8323712655299785,2.0873800055157963,0.12609098240171804,2.201167916279788
1979-12-31,0.8015057055273878,-1.1532283824594292,0.8195346456233737,2.065620711899273,-0.05901872961351557,2.2725477887233385
1980-01-31,0.7143788987907141,-1.2747581798292,0.7533481153910135,2.0723454934467163,-0.12639126726320926,2.1862502615599193
1980-02-29,0.8411133846384256,-1.468297186742886,0.8760172868259175,2.455796196749982,-0.024451531231011896,2.097067162363856
1980-03-31,0.5642164732100727,-0.9996721096998434,0.8851287713905236,2.076909363411944,0.12552485728302346,1.7862681846635142
1980-04-30,0.4769938935582841,-1.0571842073539481,0.8978555730761071,1.8866497020567072,0.14335287868435984,1.7121411983959611
1980-05-30,0.49283559638011265,-1.1744805989257272,0.7517260780354882,1.8008521664486952,0.07174174226887658,1.6138142863299072
1980-06-30,0.38892945576417076,-1.056619115606071,0.7567333649362223,1.8743530858729243,0.03255003555224823,1.668435503901494
1980-07-31,0.3863298906423402,-1.0918504098464856,0.5830471499698763,1.723408201592379,-0.04885023980756652,1.578566108136322
1980-08-29,0.4314586642223116,-1.1954833982237238,0.6642554279301776,1.843223166470702,-0.006216692890519824,1.7302816457650472
1980-09-30,0.3178830367225402,-1.2551199473704644,0.7103259204551448,1.9729609114453963,-0.04632232897527232,1.7961239507742204
1980-10-31,0.28768438429858845,-1.3312701594167653,0.7735700711633549,2.189755082226485,0.11895561790384816,1.9366130762385778
1980-11-28,-0.08157550549163323,-1.35444239776642,0.8081209309712754,2.579873371251289,0.3996058457995065,1.8262741519429437
1980-12-31,-0.08558821125940683,-1.1486143753503801,0.723591392002032,2.397450239577447,0.26366724637172145,1.734557566322938
1981-01-30,0.00852569387444123,-0.7465570215739599,0.6272477230687992,2.037684658760875,0.10570428114249635,1.6841522105270095
1981-02-27,-0.03241659390280652,-0.662243562882681,0.4884555687102512,1.8292597037163416,0.04911296294086473,1.4419238592904777
1981-03-31,0.043286039885168215,-0.5805758563038235,0.4638922458304864,1.564074056591563,-0.16623255462592107,1.3883228541739403
1981-04-30,0.22874897799054572,-0.6098706528666101,0.3796861440101489,1.6024628491950244,-0.2888575562842147,1.590978238784884
1981-05-29,0.1410755302857863,-0.48050823055578373,0.3178637260690098,1.5235591156221504,-0.24003224456660416,1.4354327711062365
1981-06-30,0.2031760347956323,-0.395878848641066,0.3040134031002123,1.2087130564948965,-0.14142457766079033,1.3239693297390842
1981-07-31,0.07972676107267726,-0.49357967342749315,0.38448284672490046,0.9698834990444676,0.024038467809686943,1.3387937189300039
1981-08-31,0.13142007159599509,-0.17502106102002346,0.384069955622164,0.6609120820207638,0.050137928697796125,1.0085028656041568
1981-09-30,0.13976126958125562,0.11691696087085211,0.18781579507144786,0.8604353056946121,0.017990406133864226,0.7767894348943145
1981-10-30,0.18931997478025897,-0.5157764298168368,0.1799290179866159,1.52371878053899,0.06670861902201033,1.0522390836333886
1981-11-30,0.2228629246374178,-0.24472560889226067,0.2016209528587927,1.2954736676236986,0.11098449655770945,0.975447143450208
1981-12-31,0.3241544710655932,-0.1782780836001868,0.16048161807999706,1.1916879054195404,-0.06852690532153444,1.057007341087854
1982-01-29,0.21769022752685574,0.1643389967130646,0.1472775741067059,1.3236980586207676,0.13245703574970477,0.9457496497718846
1982-02-26,0.43587978095981217,0.3407093954995045,0.0850930134936109,1.5374097450101432,0.030230443103935103,0.9590739360348424
1982-03-31,0.4663206295612483,0.6536855065552678,0.02814921025412298,1.5983908488352738,0.002439547515952878,0.9108875481933872
1982-04-30,0.4125974554943013,0.8094137588874171,0.0835841659322265,1.491034678576362,-0.01298624162416518,0.8706158678817036
1982-05-28,0.4078149311018132,0.9083514114091285,0.06824667426666622,1.5117254724662066,0.036216086808993436,0.9099301777003151
1982-06-30,0.4557161741420124,1.1955934528448653,-0.015638243158761,1.748603569460369,-0.005982817333638424,0.8754653227268552
1982-07-30,0.35555164202401185,1.2775670729396178,0.12181962745457622,1.9706488006243295,0.04482456705096119,0.8860921804324379
1982-08-31,0.3527396559045124,1.3027834405090486,0.06393938328180102,1.8586116779726665,3.528284858535081e-05,0.603421182492148
1982-09-30,0.33708117796871556,1.4482916177695389,0.0692079937350551,1.8306764733187362,0.03492881403581927,0.6553385316391096
1982-10-29,0.38217243887466723,1.2028630268572629,0.018348597362890497,1.5363315493203467,-0.2174050187665899,0.682018652915964
1982-11-30,0.4690191863955837,1.2689799678716256,0.06049986944717672,1.525680377304232,-0.2807261554030329,0.9167476583402885
1982-12-31,0.4720779430061306,1.474284505066962,0.0622749885411285,1.4466956762582523,-0.048913286691946306,0.810586511159678
1983-01-31,0.32507823554210846,1.5740948779544026,0.08935318589158905,1.1451935649182639,-0.09065857842801243,0.9771982393490417
1983-02-28,0.25236717933544844,1.960331424917731,0.034134303396315464,0.9876890743086558,-0.2275266051698874,0.986954941331829
1983-03-31,0.5277334451420423,1.504116794093957,0.1224410928938001,1.3149483723983022,-0.37115332490442654,1.2953387791796938
1983-04-29,0.6378762252084569,1.5313706383568675,0.09105155192825282,1.3721161572451874,-0.36037607798992644,1.385803703582862
1983-05-31,0.555662057132844,1.4020880742906938,0.28618707980258307,1.3162728613153416,-0.42805902836420456,1.74397049074593
1983-06-30,0.5243291680631584,1.3955725076383305,0.19320975528043424,1.270758044635097,-0.36270496068806257,1.7924856131348383
1983-07-29,0.6774908362795213,1.6399699929977112,0.22333199860048117,1.2735169192513363,-0.3299478586421429,1.822635813673428
1983-08-31,0.88019511970024,1.9105911225331005,0.048018336412428954,1.0627247196581775,-0.36274787999291297,1.4788979174726
1983-09-30,0.9129813091397369,2.072221952467628,0.08347891011502478,0.8512313870105808,-0.35290795258001934,1.2335281738336472
1983-10-31,0.9899127531853195,2.4192809423333372,-0.018641104796148517,0.40347061870178824,-0.4060952324026407,0.9499757794300652
1983-11-30,1.3137912591478358,2.427066133722645,-0.09043507127402933,0.01598691817952876,-0.8342126519373644,0.9609592241327731
1983-12-30,1.292005868746706,2.3311718192383415,-0.02264032899720664,0.10824981115368265,-0.705635797188729,0.9590549065019087
1984-01-31,1.2863289443004722,2.0241182555314623,0.03157719719072863,0.29359317794012735,-0.5533780266958173,0.8992084657834708
1984-02-29,1.4188647922571367,1.9543933953091148,-0.007716768496294423,0.3495794150947437,-0.4158136528395056,0.9459199675885706
1984-03-30,1.2215232144953996,2.012439493510002,0.0025513466178259917,0.6148654818320112,-0.1628641824202037,0.8510636007479082
1984-04-30,1.1415613080614504,2.1042893620721497,0.03402092557542433,0.6895949228165936,0.11402717098511989,0.6022166052483029
1984-05-31,1.0585258073751787,2.298637740799187,0.01852932334188571,0.6989761303619111,0.30861371863863796,0.5374590158349785
1984-06-29,0.8853549513010219,2.2518581871706362,0.07453785018154735,0.9340117667615575,0.30289951438680796,0.4499655687576867
1984-07-31,1.0047383363304792,2.4594384843261787,0.020268763238761492,1.2370040274796474,0.3596989406117743,0.3391490917448581
1984-08-31,0.9543391778535913,2.2108967421551866,0.09883254154655252,1.1589923880125015,0.18455803408265906,0.21262564654441862
1984-09-28,1.0239762279697158,1.9614206509527952,0.279681777302231,1.2008909380465993,0.327274816856333,0.3119748073062081
1984-10-31,1.1729271403882562,2.203980130802394,0.23571262105065893,1.0542176681276463,0.23950227214343991,0.17440090198671246
1984-11-30,1.2792037139831625,2.277942745312531,0.23300212902755854,1.200091285733696,0.26738307549388135,0.1971099998914427
1984-12-31,1.2355546103336765,2.263737279202107,0.28986110380777325,1.276899716450055,0.3478328813044155,0.06744867417312182
1985-01-31,1.0893780919660765,1.931554204175487,0.3434075520734026,0.8094343959452677,0.24704562277683262,0.05894405257188015
1985-02-28,0.8695727106245071,1.7340934940239312,0.31808674129981235,0.7190987246373985,0.41870108584098176,0.19938917571967096
1985-03-29,0.8072199452000112,1.6541413404720091,0.31218253929720285,0.7838213518244389,0.5419522980698309,0.1575769453895036
1985-04-30,0.9661885461096935,1.7759913248447856,0.24219844990983258,0.9953161391099317,0.5870620834161373,0.023800669025923274
1985-05-31,0.9400789644086959,1.7540959566348273,0.1875854430517504,1.1785928722350014,0.5902991329969698,-0.18058229490090005
1985-06-28,0.8970142782489255,1.6393509994930124,0.18457191189993763,1.1504280460294642,0.6899376181932643,-0.26226702183853673
1985-07-31,0.9101026245271938,1.4833317068410008,0.05276760111757428,0.828615468578208,0.5679430930197583,-0.23706326260245664
1985-08-30,0.9341006140282886,1.5413072404183854,0.1628353302890983,0.9941116599627146,0.7052032751976586,0.0435688920611055
1985-09-30,0.9017478015451091,1.6088909850487985,0.15032290082472866,0.9423033524936189,0.7615842972937573,-0.10559853894750144
1985-10-31,0.9842973569767841,1.7605593787397984,0.10034334175521134,1.1712551398407767,0.9979435550764235,-0.26433808531072006
1985-11-29,0.8829039133467936,1.9006333570886218,0.08051478823166461,1.044065405487418,1.0437446204912542,-0.5596007272141492
1985-12-31,0.7725296189077412,1.9523895560936186,0.11481356042863207,1.190331091836452,1.0415716105963537,-0.7741454039758148
1986-01-31,0.7866077460780125,2.0808977934302457,-0.04643077525279181,1.3956408082318865,1.0494149012543286,-1.0281644696424062
1986-02-28,0.7216854346607872,2.0211341109697196,-0.10900967080720156,1.2801169750323123,1.0909149452614093,-1.1473284235748449
1986-03-31,0.6141748415868458,2.135827553425678,-0.16384383348754572,1.374884896484337,1.1117331424902308,-1.2508449353528779
1986-04-30,0.38247161797785656,2.1266474448338375,-0.10783095876843565,1.308727323257373,1.1662566530353387,-1.2160111633219985
1986-05-30,0.39658327718692304,2.4147836605438737,-0.21919279382030776,1.446180068919223,1.372495039822379,-1.4529490211091658
1986-06-30,0.4316117678777002,2.4366177194946004,-0.13260654992576779,1.643617654809345,1.3720501597680412,-1.5264575348408804
1986-07-31,0.3137678477251251,2.3957016706992116,0.0072580934461719225,1.878529526174906,1.5012196305046828,-1.662882834412528
1986-08-29,0.346284739769709,2.3413977861531112,0.046707294553524986,1.9115526619172991,1.5097286031694268,-1.74361400534519
1986-09-30,0.5657723563932391,2.131910461689206,-0.022943398464770767,1.5978362283207357,1.3851003327458844,-1.5825612044357857
1986-10-31,0.5139332421519316,1.954920372907405,-0.009925232594009003,1.9905433812254667,1.2988007770932448,-1.6449904863776912
1986-11-28,0.4357768621420142,2.223714457508682,-0.059252349869210894,1.9615669066019947,1.5969818964186315,-1.6647209379019172
1986-12-31,0.435819734987436,2.204287671578432,-0.05699706591757911,2.028207214334489,1.6071155078430535,-1.711386787965125
1987-01-30,0.20410122344821977,2.3434116903118536,-0.0414764529904609,2.107609926309012,1.6058721994122978,-1.8522225269316372
1987-02-27,-0.10697360203310108,2.3518532003434967,-0.07489815112622589,2.0619997343632366,1.3627971765833884,-1.7498875013893689
1987-03-31,0.023003736209703196,2.3683707672743126,-0.04967310487199538,1.899587519696558,1.423990591837343,-1.5723828606020005
1987-04-30,0.13443648302865474,2.3064747043880005,0.013941112931237417,1.9449920944613521,1.2346139238248939,-1.4246878664358746
1987-05-29,0.17953436640379236,2.2251073029743407,0.10072609309128493,1.8585596800148625,1.0533347808137932,-1.4729980553262805
1987-06-30,0.2585463187490805,2.3933306499145774,0.031814888998571184,1.8926872379026212,1.1102143580710262,-1.4724937644564084
1987-07-31,0.24527913368517287,2.2594601744042517,-0.033110553832726285,1.7970106435362294,0.849451606646847,-1.373604272583267
1987-08-31,0.17252256178182215,2.4914541128157786,-0.13721536601298878,2.0485656806917207,1.0828413804155892,-1.3158492971358389
1987-09-30,0.016528640085803372,2.4047158945163254,-0.10570250413771837,1.9614714405789269,0.8708190572235995,-1.2836654850400633
1987-10-30,-0.03942408472201835,2.5721679036119713,-0.10441116597620066,1.8713179095351624,1.0063679890671304,-1.2689786293626737
1987-11-30,-0.059416515976133066,2.326357871905424,-0.15477522718273784,1.7384453645510594,0.9205020519141688,-1.1019477440621896
1987-12-31,-0.06496575562649391,2.3622551580658846,-0.22302506622016421,2.023826712178094,0.9203054960560318,-1.2879002569635705
1988-01-29,0.1407980305517397,2.428032495977543,-0.27140248931784705,2.180227049954178,1.045814052873906,-1.2240130064388315
1988-02-29,0.1508321728224973,2.338769134816378,-0.2540585265288346,2.0761202676406794,0.9001684746123403,-1.469007030474466
1988-03-31,0.21117633468185315,2.07211330091174,-0.1974051052796447,1.7715757471534423,0.7308941873500351,-1.2940003501224582
1988-04-29,0.19366640287251066,1.932482013784369,-0.18667335983941055,1.6891719772638372,0.5599118720564115,-1.2165720003197267
1988-05-31,0.24972594768058892,1.9735241354376711,-0.17988393559262725,1.625758727471709,0.5144321107933647,-1.101207900182886
1988-06-30,0.24468292672534897,1.91423159081148,-0.15380594749764226,1.3236053294862211,0.42045475125861026,-1.0496708610120482
1988-07-29,0.28483108214741226,1.9670263832944208,-0.09502350290905726,1.4966539803420646,0.498834462035974,-1.0300346676228116
1988-08-31,0.2819576872375689,1.9578947008902132,-0.12214731275683562,1.461898990831534,0.5024126556142662,-1.0674257343439606
1988-09-30,0.23357486870759286,1.976767707736589,-0.1417142069454721,1.4031563791469126,0.4935076628202865,-1.0556399361132716
1988-10-31,0.2198708964519983,2.0464676872738137,-0.14081924905610624,1.3799209084433572,0.4966580342804298,-1.009139366580752
1988-11-30,0.35875132329800347,1.8847496123003613,-0.17374917718536814,1.4325085596943197,0.553499236725836,-1.0023801464932347
1988-12-30,0.3614389574159282,1.7989744485814836,-0.19013189030678534,1.2735454696422124,0.44858825713468675,-0.9107999146805975
1989-01-31,0.36600625489832894,1.8705265776349735,-0.10916735133084603,1.0729705888874317,0.5084793621548968,-1.075317669266315
1989-02-28,0.3968716741612091,1.6789275252237592,-0.07089185633580619,1.0354169208463104,0.455038108969654,-0.9437798561984179
1989-03-31,0.44844643641700876,1.6171708725689384,-0.04415585848957205,1.113591108652433,0.44483453243323684,-0.9291834254340969
1989-04-28,0.5264576243589146,1.801862352479176,-0.05754863373774149,1.2497655545592397,0.42458599016369236,-1.081031717924079
1989-05-31,0.5110915790218122,1.7918887690655463,-0.05352064760650477,1.2493704762261162,0.300664905360992,-1.2476478293540854
1989-06-30,0.6128812298434108,1.7927734159417055,-0.12438675705096187,1.0841036553548684,0.2289283793507562,-1.2799079333402246
1989-07-31,0.5350365240246426,1.8831706545648486,-0.26465838554529575,1.2953225172642453,0.20322119089491147,-1.4649554177957276
1989-08-31,0.42018914122132167,1.769915030526514,-0.24701772985542464,1.436090869186812,0.16401031632305405,-1.3015519692559052
1989-09-29,0.24711280379335512,1.9086559172656732,-0.2515848864335907,1.84141761870462,0.2876147720604349,-1.3320191093157439
1989-10-31,0.16180974704923917,1.9450013058169064,-0.3211675258550723,1.8886328782842392,0.3508855719479501,-1.2187517847333447
1989-11-30,0.09059890811855714,1.9969320749230401,-0.3653558756077879,1.8695920166260014,0.2214924162992949,-1.2335402746219295
1989-12-29,0.033584221942980226,2.0265009486647867,-0.37540944330610265,1.8687599487777087,0.20850815264944264,-1.3118821521502317
1990-01-31,0.026793586651943774,2.043359538939687,-0.47532645465751233,1.8907603993290065,0.249001771495719,-1.187366469404356
1990-02-28,0.30355228050996597,2.0807115805677014,-0.324421478656746,1.866075104086104,0.35624313724294726,-1.2652178842936155
1990-03-30,0.09154031975853626,2.1202703625322434,-0.3083435342343149,1.993545788085472,0.4004711588234101,-1.4394402258460477
1990-04-30,-0.1252094555882285,2.125185429649796,-0.32986033578743734,1.9993713445236392,0.5192492443465576,-1.4985398844073494
1990-05-31,-0.16666706034544634,2.2206626584632656,-0.306789586565271,2.16932659643099,0.5435867884489339,-1.7015744891628826
1990-06-29,-0.2538248595567642,2.097651411608143,-0.2674941252495781,2.127093124047276,0.4317674318667892,-1.6102722021720612
1990-07-31,-0.2883161625317792,2.304876712196681,-0.3040685108644414,2.305321129922215,0.5817173379479667,-1.5904305518489639
1990-08-31,-0.2975803744426945,2.218518989327212,-0.34023354370239645,2.45531368673619,0.5741988729629014,-1.486448581652588
1990-09-28,-0.4202088937707338,2.471118235700361,-0.4542157446725697,2.63461517275163,0.7863407351096642,-1.4838965754583335
1990-10-31,-0.524119874868147,2.455839223403664,-0.5581434272067312,2.890404032313703,0.7630140626481323,-1.5569563643565378
1990-11-30,-0.6268826207808461,2.517684687135952,-0.3946345669550462,2.7015246738385743,0.6926539616985641,-1.877990834459221
1990-12-31,-0.6655750141085184,2.6305294448106578,-0.28135412137158206,2.421162603230859,0.6376011271812748,-1.8135024819155445
1991-01-31,-0.6830082418912257,2.6094008936062867,-0.18424068356697476,2.426625850286449,0.5651688143258243,-1.9450027645533108
1991-02-28,-0.6542328626202789,2.41127789842772,-0.061531492109363116,2.177166604954246,0.5256218316760943,-1.7552515366504222
1991-03-28,-0.7857328933481769,2.5067234412486257,0.09144407456602789,2.2097793845997504,0.6123084176928048,-1.719219936323022
1991-04-30,-0.8738281657655279,2.5527563163868283,0.060236681157960964,2.1309723207252698,0.7225692669243609,-1.5485956673811028
1991-05-31,-0.856191762007787,2.474787077321495,-0.014505150409167925,2.160206076945025,0.7146638862780587,-1.4880844800740076
1991-06-28,-0.9155235658596137,2.5286925699137064,0.005987363955446236,2.315836860180944,0.8414614956161609,-1.3235557870904655
1991-07-31,-0.9924012081112763,2.5454327988019494,-0.00998883308662241,2.4209313698108756,0.9356471076351279,-1.490676138736614
1991-08-30,-1.02926248153211,2.469287244309493,-0.0012353734621487493,2.3998768054656834,0.9472214593939106,-1.4974897571989922
1991-09-30,-0.9572969202393353,2.357436807418717,0.08701173793571654,2.3595348329910504,0.7725173253556136,-1.3562923424537596
1991-10-31,-0.9685724383743337,2.1697240494525847,0.09191871099904042,2.3177637858692575,0.6279018432539551,-1.2140337472581133
1991-11-29,-1.1509577853584647,2.3394121576011,0.1454251462382048,2.266516642916526,0.6956222503019712,-0.9917907141044512
1991-12-31,-1.160590685091631,2.53674505064176,0.18909155542672565,2.848931497352005,0.8890000039789374,-1.3010174689066838
1992-01-31,-0.9372174258397978,1.9833715339357063,0.2594100666754027,2.9037926260493854,0.6837205211556627,-0.6114691354717922
1992-02-28,-0.7377502037782011,1.9142087936008225,0.254379217426473,2.8651036187554833,0.6688147074400588,-0.4529698781547087
1992-03-31,-0.6575919913621395,1.9384586307719591,0.22577170383973108,2.6803926431078016,0.7183930982382174,-0.4328554232154967
1992-04-30,-0.5056794313118249,2.1211195793205353,0.0979769646959597,2.419249230717702,0.8618947027742759,-0.576738282387982
1992-05-29,-0.4618147163766093,2.094809167912569,0.08647055040067031,2.3227746885464953,0.9200718028742002,-0.530086231722144
1992-06-30,-0.4012637660697785,2.274945322915024,0.15021242568350077,2.1037486088081425,0.9476014072165158,-0.6056697976855271
1992-07-31,-0.45079862534236503,2.0731557363054662,0.2116180527005082,1.8081634465588943,0.9264646288236256,-0.45666942300615293
1992-08-31,-0.6670505889833858,2.2492867038828104,0.22792895413077735,1.7677215882988173,1.111677681956037,-0.46072035947807766
1992-09-30,-0.65481486939475,2.2657867826740206,0.31416583466005255,1.7112788715016003,0.9858017257162772,-0.5163568542706776
1992-10-30,-0.533287851477191,2.135605947273593,0.44841411851279844,1.595300690389699,0.8566051890468905,-0.5134924468688125
1992-11-30,-0.3257555978961302,1.8193583529755313,0.5261724471604781,1.5527087690241086,0.8242149136406879,-0.3409333149372171
1992-12-31,-0.14477550847660436,1.6582993720622652,0.5830526917214188,1.660698501094223,0.685326283731213,-0.11436052643845275
1993-01-29,0.07648174936811863,1.3224882538111575,0.7292916560654589,1.8553545101676283,0.490848663477772,0.16467769334495364
1993-02-26,0.05174377444365114,1.4742298414192136,0.6593183820779539,1.9926625022695572,0.5385218541280624,0.1673785041566665
1993-03-31,0.22013989307758697,1.471691201363842,0.641931867096084,2.0940101756727385,0.41211392198911523,0.16937708789677727
1993-04-30,0.3632952038800725,1.3562941027037878,0.6551728994911608,1.9860068043638905,0.14657038290354407,0.2668633493537745
1993-05-28,0.4025703647804143,1.0633165836884027,0.6172915805470703,1.7932092868127358,0.06564676698838413,0.5173292298293931
1993-06-30,0.6463331444878145,1.0838536085029344,0.6234431736805814,1.9550271805806092,-0.04515975664436781,0.6374979168081258
1993-07-30,0.7510536007980223,0.8643662855934403,0.7662472843947373,1.8729555938699671,-0.21365876853759586,0.7137786976988182
1993-08-31,0.8473738388139251,0.8100226948437755,0.9118082280927085,1.7784465650149026,-0.4196695106158942,0.6912934088727182
1993-09-30,0.9683860486511002,0.4927263626663014,0.975709282977256,1.7353007265667961,-0.5641076037227508,0.8179004044902485
1993-10-29,1.0449920506275616,0.058440343631349125,1.047984349198368,1.2642968359410405,-0.8808044036209528,1.1188847114132465
1993-11-30,1.0566560320424399,0.07983608592923491,0.9217442990288869,1.2110652603323386,-0.6489594178440697,1.371160096783344
1993-12-31,1.173989472154582,-0.029239741675954,0.8377735998023039,1.187473230681409,-0.6475966451767223,1.506355459862603
1994-01-31,1.1694838076845504,0.04312815133451883,0.8881434766193688,1.3534281639391876,-0.6385925728516362,1.5799962004084436
1994-02-28,1.054288178093388,0.34959962833074026,0.7976324588703146,1.676297617731208,-0.5430651782134478,1.504447669115032
1994-03-31,1.1244262957173126,0.6158852963946866,0.6007213660797595,1.7929436654802358,-0.444871842566413,1.324516258920668
1994-04-29,1.1517075407772046,0.7521728923260633,0.6683549909524885,1.8439749979122046,-0.31742074888071475,1.0478161969726445
1994-05-31,1.1635199868343034,0.7394240307985549,0.7168350450074071,1.6267042243935093,-0.27717791494315763,0.9745242762369963
1994-06-30,1.18231564230564,0.7719416341811036,0.6780730117798014,1.5138459947862994,-0.3293363350743812,0.8670916935500714
1994-07-29,1.1940973661060368,0.876233377845221,0.6872402599579028,1.3641300419648192,-0.4292298507864606,0.8986453202667474
1994-08-31,1.1552147811299358,0.8420439220894997,0.7543192292252434,1.3919742271011462,-0.4697504732837026,0.8607643313395792
1994-09-30,1.0904422265680107,0.7308614228828224,0.6896093192230025,1.3071956712737973,-0.4242555353471225,0.9117228867633081
1994-10-31,1.0480222385257543,0.8783064636426485,0.7424173601295727,1.3205496696086108,-0.33357679520655525,0.8208814848858943
1994-11-30,1.1860658704753568,0.8193446287664512,0.7257561557458665,1.2505316948224021,-0.3461121130407341,0.6792212906704537
1994-12-30,1.2515022224925145,0.8079168877985249,0.6812277362946981,0.7924619492596063,-0.4691359002758312,0.8829862265844988
1995-01-31,1.0030830220326319,1.320452615404531,0.5187910246200444,0.7406777425415334,-0.10173821111165121,0.21308866585333688
1995-02-28,0.8178185663642004,1.5648206134083773,0.5675386058807124,0.7484421843056528,-0.022303620349284275,-0.06679416095449367
1995-03-31,0.6858872439066397,1.4894728308898761,0.6025037093764488,0.8472973365429243,-0.03437147445827649,-0.11585343413378288
1995-04-28,0.6919437353666971,1.1499069566130318,0.7500180914270863,1.0136537995462465,-0.12407181908645842,0.11994801626693932
1995-05-31,0.7552076921584676,1.2530931835732777,0.7609803974914611,1.056918294981434,-0.10409938216312817,0.10276651042269877
1995-06-30,0.6353687680714151,0.88410540961295,0.7253469541326383,1.1453721596495834,-0.17593592186841206,0.33329161065511237
1995-07-31,0.7667045483375285,0.6854184169546795,0.7221692661869523,1.171871614813298,-0.3773392257761646,0.48465698652396405
1995-08-31,1.053529869141771,0.49039424359041334,0.7003188770728549,1.223535877503067,-0.5501571330953772,0.6442712532331241
1995-09-29,1.0400972827132824,0.5576180030154755,0.631337062178568,1.350405639669004,-0.4305566673570016,0.6672175489392576
1995-10-31,0.9964902952466913,0.7980167890634164,0.6179103367705036,1.507886618157662,-0.2745205800395543,0.5894615029673125
1995-11-30,0.8253199077248514,0.9194662157256034,0.6180278772544713,1.3521347767045608,-0.20097301649430988,0.3704305862717091
1995-12-29,0.7230056831575455,1.1633466395346863,0.5938928650317268,1.23290242306506,-0.10802746045306619,0.23314148586493966
1996-01-31,0.5463328054766128,1.5746781651042534,0.5376999035497975,1.09010631825497,0.15123579110071075,-0.10872997064990313
1996-02-29,0.4808088863575424,1.332716101961686,0.5589873782824843,1.0408456163304947,0.08505476178741601,-0.0051655233559846974
1996-03-29,0.34515170761821234,1.337774955301817,0.4622793619571377,0.8224089978215215,0.20091451105500294,0.03755501123906241
1996-04-30,0.2911804761408934,1.032404690730643,0.42096107103598224,0.6684549689651234,0.3175492623751046,0.03720671826712269
1996-05-31,0.24950311217822804,1.0013439238217956,0.4190760418053056,0.6936814197426646,0.46564269389608604,0.24660941375693962
1996-06-28,0.10107891619310563,1.300577638137665,0.32661012274687223,0.5976679006242323,0.7111048215597511,-0.019711518026656764
1996-07-31,0.053528606861120966,1.6809456808879801,0.3369356813225481,0.4246831536128929,0.9533688667819153,-0.19544279163202757
1996-08-30,0.07013575562406764,1.5234983285240213,0.3076440866758305,0.3444091708877629,0.9779054861049459,-0.15689846458996135
1996-09-30,0.021993951431679808,1.5389511786365282,0.2583430322316139,0.27351140943506486,1.0929310945706017,-0.4110991060937786
1996-10-31,0.13994431822342843,2.02562551416955,0.27506265451793266,0.6661937983176854,1.283813937744139,-0.6517526593266092
1996-11-29,0.12815056110339412,2.1185219961213506,0.2550971276613623,0.6460009186229745,1.3339531375479092,-0.8101506097198246
1996-12-31,0.16048423966901548,2.0197535818851495,0.2664719109934268,0.5576151459538248,1.3589622476010796,-0.7193244170515354
1997-01-31,0.02218246072209467,2.0373107559622134,0.07078435653093645,0.7199088477005551,1.5268413675194386,-0.6878125131252787
1997-02-28,0.14747308774909357,2.342667521037192,0.10265529199679427,0.6998835626795445,1.5708139090276054,-0.7634419582044064
1997-03-31,0.13159518012533383,2.4214470913488277,0.14223212612341044,0.7556331740010823,1.520134640536286,-0.7616233308057396
1997-04-30,-0.07084871232534311,2.4236135340409652,0.1823036655746667,1.0285152276933458,1.5820638452859894,-0.8775743168323327
1997-05-30,-0.1192261093690493,2.0101924232210298,0.15515238029333173,0.8309175957991053,1.3964325578647119,-0.8946368710511715
1997-06-30,-0.17930118111543658,2.0186043145083983,0.16443990409005865,1.0113767234966413,1.3475502812165088,-0.8927384359445563
1997-07-31,-0.09765919048025921,1.957720571176079,0.1492120498099665,1.2190860223112663,1.3954716751788723,-0.9787896888810005
1997-08-29,0.11109341084170052,1.7748191490999135,0.048821632504924425,0.8818304613485662,1.2179078321281853,-0.6668262945958093
1997-09-30,0.13208603280022635,1.8139964244287907,0.07745878429447511,0.9246111703624837,1.1465500933193298,-0.6889655507742347
1997-10-31,0.14609335193300754,1.884944085411175,0.039838761899257925,0.9036611097129837,1.1055391268317551,-0.49956383262675186
1997-11-28,0.11949892007297717,2.108061648182781,0.09134000352870064,1.1299916384569686,1.2042034513016684,-0.7167290854371106
1997-12-31,0.1401240045503509,2.1647544353986623,0.09671494759601926,1.1958093755564105,1.272496751758543,-0.8242889945746784
1998-01-30,0.03767515215743714,2.163669855098958,0.17905759247393452,1.2699089784959483,1.1360865481399787,-0.8433526261264033
1998-02-27,0.0635225961463427,2.0134001066214307,0.12527198188883137,1.3094666475520509,1.1143954166984602,-0.8716789696004039
1998-03-31,0.12539084275513598,2.0485945724669956,0.1473498448839966,1.239361704414579,0.9583963990453179,-0.8384398091441098
1998-04-30,-0.01360115054478874,2.0023770614382226,0.06561736245239475,1.1849743434730335,0.8486399086215427,-0.7905597371588491
1998-05-29,-0.011859480854549008,2.0697341097657405,0.05537168597620859,1.3785550037575929,0.8817915499787061,-0.8032867285945622
1998-06-30,-0.07718214704482557,2.3228975656749644,0.13606363345826689,1.7588089733950791,0.9139666255126497,-1.1595231076831714
1998-07-31,-0.1753635397444463,2.682926693690482,0.1625451926523206,1.9177382134530327,1.0306462978387123,-1.2926181628544318
1998-08-31,-0.26072868128177046,3.131878332381924,0.20279633176332024,2.0364721129564347,1.3597609966271877,-1.496574038886158
1998-09-30,-0.2684607331797975,3.1338927874475053,0.11887448033132432,1.7452022190804688,1.1504092857481782,-1.6893604690494288
1998-10-30,-0.42529281704898414,2.8034568989604995,0.06523255733441798,1.346529207582755,1.0256933205305507,-1.8267302236288248
1998-11-30,-0.37932990480701606,2.5769426788078236,0.11374196583622714,1.5494368035526498,0.9568100209354292,-1.616898784297513
1998-12-31,-0.5203159359551341,2.2615035292781442,0.025968285679648942,1.771410330150651,0.5845783345361887,-1.7850276460793368
1999-01-29,-0.6678791602760628,1.6311403669054867,0.10482614553525224,1.8374680775262595,0.29709477854003974,-1.5185415347155025
1999-02-26,-0.6937013329690892,1.870480604661645,0.12396656025138936,1.940794647350601,0.3335489098959164,-1.5766620833200973
1999-03-31,-0.6745388413972155,1.613128177445896,0.05359278613815742,1.9310212552777477,-0.1101466705584622,-1.759961349316492
1999-04-30,-0.5450012186143948,1.6634605217374157,0.04052427601391659,1.650106311928739,-0.14920349783804276,-1.7022346706775884
1999-05-28,-0.3753683619132423,1.9962602148247095,-0.04102238928540019,1.469452711912559,-0.06953448297249415,-1.8949319654557952
1999-06-30,-0.38708543144033297,1.5344050799569158,0.07447639224163788,1.434127920684872,-0.05987760716800472,-1.861806668676393
1999-07-30,-0.35899714158582763,1.3371721315263887,0.005365471732125152,1.4725311506103964,-0.21697987466452773,-1.5452564084915152
1999-08-31,-0.3833637588854339,1.4727879407749462,0.027262906239074704,1.5618727100745504,-0.06335321581110409,-1.6057028428057372
1999-09-30,-0.3368315509188005,1.3279711868005295,0.1316287824571597,1.512457524663792,-0.23925553921902937,-1.4508049222034207
1999-10-29,-0.5073783892543039,0.974508022493223,0.001824055655540027,1.6227804557297243,-0.39598251870172135,-1.5321889681282708
1999-11-30,-0.5966173067673499,0.2848667434911275,0.24312514434908117,1.8956944017979676,-0.6714802337084491,-1.0417537241049502
1999-12-31,-0.5179866536624602,-0.3294988515171505,1.0002952825621403,2.316561152502315,-0.9217359200137472,-0.8635319449089672
2000-01-31,-0.4083789577011782,-0.317265280684832,0.9284949408805243,2.251623035177429,-1.1755231213430108,-0.49018300407193105
2000-02-29,-0.2726587809523065,-1.469213854876868,1.1655664811929276,2.8915441552074856,-1.5304873191606279,0.2656900177317658
2000-03-31,-0.31423998489906546,-0.7974947788268337,0.900136329334623,2.5936908233295313,-1.2393074939156143,-0.14074697124984561
2000-04-28,-0.31507137136620383,-0.38256369207555124,0.49740602398633943,1.9425720397984145,-1.2452192372899686,-0.44023881008101395
2000-05-31,-0.25303325072400035,0.4748840029269988,0.351112221804486,1.6672235727962597,-0.9438629215336266,-0.6255250323944678
2000-06-30,-0.30687776992959037,-0.23663990316570788,0.42069124373074046,2.10044437350336,-1.0091330947716124,-0.4333792761781725
2000-07-31,-0.29782288073395846,0.04753414754332022,0.2611993377426426,1.907011780724989,-0.7981802068934652,-0.2919729908339999
2000-08-31,-0.3432427794263263,0.07304335905840939,0.322678676191371,2.3723292806352223,-0.718253942872225,-0.6200539146498285
2000-09-29,-0.19752525356036987,0.45364510021895516,0.209578607272083,2.1629987589412214,-0.4677027145018086,-0.6451240790237441
2000-10-31,-0.11004141966587076,0.46114321559322136,0.15957538050902825,1.864434928463143,-0.07481821566369312,-0.9338548497398157
2000-11-30,0.06885976215964229,1.1652810086195333,0.00670690518307187,1.348799935813159,0.39603360745033017,-0.7368609490531828
2000-12-29,0.2740499802946853,0.9294921718066789,0.04371646848524492,1.2665382596114132,0.43213265519069627,-0.6802979789833761
2001-01-31,0.320615384294362,0.2018162278764995,0.15041676474743434,-0.03555989103600036,0.05726803751086054,-0.30329468260015313
2001-02-28,0.4815613580257547,1.0267589631089717,-0.09392493387135634,0.3403411619069801,0.5141620285092614,-0.037549854660890065
2001-03-30,0.643198240679099,1.6512276954584415,-0.1657508429092142,0.38714049222327923,0.8322214559062646,0.11454174142030066
2001-04-30,0.6199561921320537,1.2004664618817005,-0.07695570447930067,0.18054728193104472,0.7330097141733469,-0.1131743706868949
2001-05-31,0.6437080026580351,1.1694595470498328,-0.09908551311632635,0.11635534281343804,0.6917687842181947,0.15296085898167652
2001-06-29,0.8128321164972726,1.0328393584856221,-0.1285213941568225,-0.09446451433662476,0.7223353050085964,0.4806954821646196
2001-07-31,0.8774989597163741,1.2188742068469147,-0.22586629745853484,-0.12962541293788224,1.0306310274475576,0.5267888187749447
2001-08-31,0.926937929810527,1.1929908199385508,-0.17650218432302478,0.07904487815322857,0.8995277153292712,0.7128418838628484
2001-09-28,0.6637488773625062,1.6597073373503395,-0.22226576570080145,0.6051730961012469,1.3204167520748427,0.8546410376834861
2001-10-31,0.8420464554403159,1.4516706578181813,-0.27337828585704016,0.17279765642824665,1.2776205046340217,1.1731449850001674
2001-11-30,0.9907997947705299,1.3971660959632957,-0.5842037027343054,-0.28808574740498727,1.199183423291002,1.0129638733537136
2001-12-31,1.2314990958498986,1.3847613531799137,-0.40572655925448253,-0.353299437049597,1.421361635857079,1.2824504652809574
2002-01-31,1.42404067131939,2.0240569601468477,-0.5159818652347612,-0.4538782644338203,1.9317048932747305,1.2045615522691548
2002-02-28,1.4277698119875892,2.3808594637193923,-0.3543522603611746,-0.2827762669653549,2.301568815516307,1.1600217248494635
2002-03-28,1.5881641358996177,2.2694071644540825,-0.19733128428863356,-0.2205322794087623,2.5834484025885014,1.3881076556926213
2002-04-30,1.6662317771506674,2.7853968315255107,0.008893554971826164,0.5884337917519377,2.7761288180151715,1.3835268227453914
2002-05-31,1.5729815986952593,2.7911302136466065,0.12751512697025727,0.8612946340417538,2.7120825509019526,1.3942280996509333
2002-06-28,1.6944273428451377,3.2680306682145615,0.23206584359357002,1.2063283442773265,2.6776594808220935,1.5530696394102899
2002-07-31,1.445797974848186,3.324077606598037,0.12942885607951252,1.300332498157675,2.882335520768637,1.277730550419545
2002-08-30,1.436293068998162,3.2131263587243932,0.09095636133297556,1.1595070565759291,2.796729345804808,1.3238159394857856
2002-09-30,1.2948739257888502,3.6659676987170084,0.20555198074056946,1.4977550160581676,2.99589935396925,1.3732026171319118
2002-10-31,1.2510781289175692,3.465474679112263,0.15253534963589338,0.6805666521289706,2.873750337097027,1.4328856046505491
2002-11-29,1.4634714525916424,3.3244819601956794,-0.19034509087323745,0.25654776695488907,2.5755981234340783,1.2197542379793247
2002-12-31,1.3634091027595054,4.179486483325365,-0.8674008557871711,0.061402361670475226,3.054450884078896,1.0490484844591856
2003-01-31,1.325607407491595,4.026153560606862,-0.7514529441604595,0.04693475036119495,3.002026719594078,0.8114207803159759
2003-02-28,1.0500426701096304,4.970466866838623,-1.0726686318752143,-0.5215499443756092,3.3285504335856353,0.08320477697082194
2003-03-31,0.9707008670493982,4.054255094292794,-0.7696239566726097,-0.26844134831311944,2.9862923469350857,0.5033744429502074
2003-04-30,1.2719080129088525,3.0672576354849244,-0.5179802816141428,-0.3013646895521722,2.6141453317339938,1.071883382445011
2003-05-30,1.3536517999059856,2.0938498376560855,-0.26710183251435504,-0.1367875449228056,2.1944947612804704,1.5926929908561247
2003-06-30,1.5730455315904637,2.5421540464022936,-0.286211875127882,-0.6430058340514645,2.246565989153152,1.616135415584459
2003-07-31,1.5291361857507022,2.0628282808538763,0.021562295194377787,-0.670707112538658,1.879368039363906,1.8413037693882748
2003-08-29,1.5226740528178793,2.109058695867116,0.11040512860667501,-0.920982004334814,1.7816421426648554,2.057394580458752
2003-09-30,1.415151951326247,1.7197805302993519,0.1636549066545237,-0.6569277441913521,1.6527999504872344,2.2147546334192016
2003-10-31,1.4422768269020354,1.3975421361923983,0.33849245261614375,-0.18973266731718935,1.0846236702707666,2.523033807322526
2003-11-28,1.3589934612145635,0.4058351106944084,0.4841610562891529,0.14204497708240263,0.4024030217594268,2.684479957786378
2003-12-31,1.2493296345421714,0.45829099841909277,0.27602448402338453,-0.06213334509088542,0.40768079159652015,2.8173672182896827
2004-01-30,1.3571687269591892,1.0003440378035477,0.26129870503315644,1.3127649089815185,0.6017501271521185,2.706658318606038
2004-02-27,1.1081392052603045,0.2584467413569639,0.4742475906089043,0.8201461908209428,0.22258519357875073,2.5001816389882032
2004-03-31,0.9634353653543398,-0.4247961515688117,0.4528877371096227,0.7342813312979484,0.09596490072329993,2.4093539962969723
2004-04-30,0.966900979146209,0.3206230097924133,0.22869766877619746,0.6817858644427351,0.5079842764648077,2.4961001840985926
2004-05-28,0.92847148000638,-0.004931140836831697,0.3524369017751635,0.6331169384449113,0.3445968099237916,2.214393776433049
2004-06-30,0.9710773432107962,0.03032886059648266,0.26969821033496777,0.5359330735273147,0.2828100095488362,2.0999710215400005
2004-07-30,1.0430789018312152,-0.13462159822912095,0.14480930919279278,0.22335554529110166,0.16554490876050287,2.064916021844178
2004-08-31,0.9151113998886351,-0.41506096910759616,-0.04868438419730946,-0.16829655538730917,0.099109720617974,1.9198544662151535
2004-09-30,1.290736320035397,-1.1664124318255689,0.07637639072319985,-0.3565585437085439,-0.29827774406604873,2.0453406834662045
2004-10-29,1.34463163690715,-0.9057544303735633,0.20374866500887098,0.1420040681063355,-0.33598367709866933,1.966252274227288
2004-11-30,1.3478595608145059,-0.8343510726190028,0.4306447035510777,0.5654686630188116,-0.3530005049760791,2.1774039242738636
2004-12-31,1.250282685103655,-0.7484580760931965,0.3481760367156362,0.3035988437881044,-0.20701861819991954,2.2730513878110914
2005-01-31,1.1942236954839816,-0.7223794472788662,0.3489247061248709,0.41654586351258066,-0.40230328860638154,2.03858332083309
2005-02-28,1.248617282008687,-1.2366287586483573,0.012611829063440074,0.18842868604182064,-0.7064754600484489,1.9978432444888148
2005-03-31,1.121375342039446,-0.884166253615373,0.019136316116867294,0.22836063684350863,-0.5154918280496248,1.8657691814655217
2005-04-29,0.8370237657834836,-1.0209998859990912,-0.2100169552960291,-0.2474822554901691,-0.5086079196698031,1.5728175190405138
2005-05-31,0.9711527586706268,-1.3387151118882379,-0.1492842215086852,-0.41315455532488365,-0.72376425440983,1.5754032515218186
2005-06-30,0.9986642368795812,-1.8236881617985672,-0.3097689626367434,-0.6852575074641513,-0.9092259135170995,1.4521877102428482
2005-07-29,1.3427180316434366,-2.0963831781728905,-0.17956728925414256,-0.8519810145861908,-1.1860007716287173,1.5694228805741122
2005-08-31,1.3237079615533378,-1.9717401655705953,-0.23328298903506817,-0.7308813008815839,-1.200762013964898,1.5798297582397813
2005-09-30,1.546310025824903,-2.274127480381912,-0.37173027303947154,-1.0066506279292844,-1.284102084789977,1.51273346280405
2005-10-31,1.6317402957539997,-1.9574552131014862,-0.20595321738158573,-0.5693819670098076,-1.0824969817931662,1.6313591361836777
2005-11-30,1.5307139631610098,-1.2898423845533482,-0.09073516174722118,-0.14551728765214278,-0.6891952751605479,1.4576292141181615
2005-12-30,1.4697377649475325,-1.6544719271212067,-0.17649169235020992,-0.29933714176307114,-0.9664329719932877,1.501856885030614
2006-01-31,1.5960348536192226,-1.7544268767682254,-0.10709308949168235,-0.2684660987146933,-0.8484124159694385,1.4433969363039816
2006-02-28,1.6422704553717606,-1.739318001585629,0.03119399802989515,-0.42044910158120696,-0.8593210320265897,1.509830225175718
2006-03-31,1.7388435138922484,-1.855313200705175,-0.006831924155588624,-0.46542565121848906,-0.8953248473770962,1.5960176039642915
2006-04-28,1.714830868649593,-1.455444987587324,0.06741532819361845,-0.027727754349958222,-0.6898396996811,1.5555229686192669
2006-05-31,1.5253330262242146,-0.8317813823633271,-0.021469829041907956,0.24711181103563018,-0.3664205180117233,1.2158536251281975
2006-06-30,1.4655806738916908,-0.6214791464831896,0.01669728168419371,0.2721434693478469,-0.26900943289232837,0.9400027089563537
2006-07-31,1.439626574771954,-0.319057417973144,-0.05090887125221852,0.27862446940838453,-0.0051278557711472595,0.6319225203039055
2006-08-31,1.360700038415039,-0.20751549068485653,-0.15121338250352542,0.19851108956259925,0.10327712598282303,0.4521228617750777
2006-09-29,1.342035574980188,-0.11224960791850183,-0.05770362254537023,0.10668435927008398,0.08633325912376914,0.203012479559526
2006-10-31,1.3556413437978758,-0.04403920124148297,-0.18391632804117058,-0.16105256557099187,0.21998853607138516,0.0858570152532351
2006-11-30,1.3100038507997074,-0.10020988541779811,-0.2657678000832895,-0.27672697833717574,0.243254887443259,-0.025213485542581307
2006-12-29,1.2237056969019338,-0.10075035337011227,-0.10773040837123757,-0.06410210267336547,0.085940585729434,0.03595234327107897
2007-01-31,1.147929599686634,0.04535073390734388,-0.24236836514523563,-0.1625327493890091,0.22884880241470235,-0.18562295118209218
2007-02-28,1.2621385605543172,-0.01595213858950804,-0.25044938742959616,-0.17665297918356274,0.139882803786324,-0.07274303275114967
2007-03-30,1.298665857159473,0.029552036050055932,-0.26271131918589985,-0.06914581952778254,0.10492004304334233,-0.15784381985551718
2007-04-30,1.3214689011074303,-0.1395863433904563,-0.07291407295880653,0.20059100504816607,-0.13817490021823658,-0.1603629625266444
2007-05-31,1.3365852488391259,-0.008412776493173802,-0.22842399532732763,0.11075532155865656,-0.02369074871840999,-0.18853539426139637
2007-06-29,1.2150726586065452,-0.016228366850750138,-0.20488363385307157,0.07314537459176564,0.02868815560855768,-0.10420105154487685
2007-07-31,1.0660578704653567,-0.25333241614819874,-0.04776119063234795,0.27026027739611536,-0.08949259902676482,-0.05659978131782798
2007-08-31,1.0687098171645526,-0.2911190707666307,0.11012893444601038,0.4127337299180823,-0.16845722634725707,-0.16442953421512715
2007-09-28,1.0140313615977279,-0.12475336675269919,0.00550660654105913,0.27465664488729175,-0.05334097664160396,-0.3068462072554797
2007-10-31,1.0225549884911103,-0.18791314957632957,-0.20117861913569143,0.545977393280445,0.02333110034385817,-0.3286086200477053
2007-11-30,0.8581176782143181,0.15961194666425152,-0.22725754596631564,0.6133522856883173,0.3177739889646179,-0.5704451499836961
2007-12-31,0.8679699990863137,0.12439897972074597,-0.3739592760707125,0.9445359504758657,0.4049616105407392,-0.759315447541852
2008-01-31,0.826236813096642,0.010412117777021815,-0.14659842927274083,0.518537836546137,0.3317943351065517,-0.7146094432057648
2008-02-29,0.8524508259937026,0.13186122073806333,-0.13399958119772334,0.8399361884037444,0.39218932368625,-0.6336430335835872
2008-03-31,0.8251031684624247,0.17876547897784806,-0.24267882073289332,1.032594176284465,0.4408101061366714,-0.7054957687591453
2008-04-30,1.0106467107870367,0.023076590563690283,-0.3618955165859764,1.0724340302486317,0.30332215239633614,-0.7636408047059534
2008-05-30,0.919959916217349,0.10906500432985028,-0.6034076759370742,1.3183293848892508,0.3886610862554217,-0.8440543535104694
2008-06-30,0.7799053327060795,0.1737498722000114,-0.8123889977453046,1.6225759883858322,0.520750085944147,-0.7093633191015639
2008-07-31,0.6018848070235676,0.41357929706861446,-0.6159543809065988,1.4717038530262672,0.5015987644054817,-0.8062425287968917
2008-08-29,0.6884909978060643,0.48856908546488675,-0.6268754539989088,1.3143689533565537,0.5312451874342103,-0.8251856698445833
2008-09-30,0.6449163742765984,1.0332519485354785,-0.7791304114412118,1.5663934377384738,0.5883455597353995,-0.9951648391267659
2008-10-31,0.6014389486622098,1.3026474659072629,-0.6412989331203834,1.835374278447295,0.8282375508406006,-0.98357739742824
2008-11-28,0.449511179884784,1.5144047253194988,-0.5980173954258011,2.2684104108867746,0.9900885326171659,-1.1377013611826976
2008-12-31,0.5833935649739543,1.6469493746786714,-0.38301319197783734,2.3124578615899942,1.0031987674595053,-1.3771008653591907
2009-01-30,0.1992684258774655,1.9961157159963703,-0.39499997755593985,2.2706374639211813,0.9899495575986828,-1.254024118486348
2009-02-27,0.13849391716529638,2.0758111042171965,-0.36351227419436755,2.506220731596163,0.9563437612674284,-1.3127892425239562
2009-03-31,0.19887803028833673,1.900071307580749,-0.36060561383042194,2.127884650255668,0.8717849617096315,-1.4832629632284173
2009-04-30,0.269419495356282,1.0389560899982482,-0.4364897581447107,0.9624536427789201,0.7153101956149349,-1.3776478192491524
2009-05-29,0.22636798333964414,0.670447654682559,-0.4109345136438477,0.5346473478421596,0.6315555172648963,-1.1305383630746177
2009-06-30,0.20309115809228176,0.6902075327647487,-0.46486350978434415,0.5774325854472422,0.5657640279732277,-0.9454245514567258
2009-07-31,0.2682170826243232,0.4003748398211212,-0.4597005957096331,0.46440840156793567,0.35538609314793745,-0.9096315527493007
2009-08-31,0.39039104128064483,0.08459981426964758,-0.5318832971705186,0.3788544172894224,0.35444082831917106,-0.5974609080960366
2009-09-30,0.5383440518007073,-0.08577989664836713,-0.5705003500683468,0.26238288793984954,0.2654870550593891,-0.4031455926630641
2009-10-30,0.26296798746410566,0.2973554614533837,-0.576366097279229,0.5393265756266226,0.474744724196717,-0.5456815545589895
2009-11-30,0.14496113180679504,0.36117604623965377,-0.513227564932392,0.6325223315799758,0.453292128448227,-0.7007573678495856
2009-12-31,0.1458217697566242,0.20119287534060598,-0.4748903849178816,0.7585955698976377,0.38058424135632724,-0.6487641897873223
2010-01-29,0.08520296399063329,0.25815803342080923,-0.44784075513992305,0.5118406564117726,0.4141186793671857,-0.5625133876087727
2010-02-26,0.08276688472937939,0.19618232859170007,-0.4049155012221635,0.682288937637222,0.3739586176710413,-0.6832144642630875
2010-03-31,0.09084112128696246,0.08054345590771499,-0.3143146693926794,0.5716226956929868,0.24730711674866768,-0.5781512772242721
2010-04-30,0.10443914892062849,-0.09999354201090196,-0.21796820307066017,0.6920486989622363,0.15467750937543467,-0.2612568114124982
2010-05-28,0.05391927396954782,0.010579032070255259,-0.09094422758559463,0.6307102589638529,0.1300508998994842,-0.205431745486257
2010-06-30,-0.06632152970412561,0.185123231289685,-0.10091048829960486,0.5126111292903559,0.18284314898311266,-0.4034272704383548
2010-07-30,0.07098285182505439,0.02281518997834173,-0.05045281400274046,0.47740130519949425,0.042143443521277656,-0.5207941685963503
2010-08-31,-0.010129586668603616,0.003955948185561726,-0.14051156485307714,0.3075073168142034,0.05530093003299654,-0.3793112602076287
2010-09-30,-0.02330204111591459,-0.17278039112154953,0.018641034553108417,0.39658725814463064,0.007487162262476785,-0.37218928688427394
2010-10-29,-0.08669321366052651,-0.1355739800138509,0.18105228176346677,0.21593359081252927,0.02133034669189601,-0.3879897369724109
2010-11-30,-0.06777296719285775,-0.3837310423962934,0.17128541571209754,0.15335593209793708,-0.22000704677463623,-0.4665619148201308
2010-12-31,0.11125884252043468,-0.32814007175012944,0.3149545327663127,-0.23005877138422154,-0.44533678347877487,-0.36736315264866504
2011-01-31,0.10654120747104015,-0.3323930369223222,0.10174657381666852,-0.020403096198828456,-0.540910043363326,-0.3420336976986962
2011-02-28,-0.011940846697648463,-0.494489985690853,0.29418603988292136,-0.32703670444378846,-0.6822945222438965,-0.33633424161756587
2011-03-31,-0.06627785842510929,-0.5795156174818122,0.3616488696678088,-0.4078648735787215,-0.8012721411149615,-0.26859357114942806
2011-04-29,-0.21351228738331182,-0.43296914631269656,0.5205463801128248,-0.34385090648749966,-0.7055244768805993,-0.2000245054036011
2011-05-31,-0.3857817745317504,-0.2952657668730238,0.6296502836829563,-0.5633689403446521,-0.5827007210766555,-0.21181405879712525
2011-06-30,-0.39770625820290445,-0.1632999163170586,0.7879672681734013,-0.9124354857231158,-0.6012997215002979,-0.3772803027759153
2011-07-29,-0.38698747179369275,-0.35708637845695845,0.5165254780947988,-0.6764645376480005,-0.4407827712168444,-0.26157424567435883
2011-08-31,-0.6695073924004864,-0.204075687728614,0.5475904509567261,-0.6205473190080778,-0.288763954448765,-0.3007443116351678
2011-09-30,-0.8134502504431912,-0.38537943583050843,0.55355094575537,-1.0425499623686052,-0.21552479748327114,-0.19932007088763498
2011-10-31,-0.5447519831189696,-0.9399646000596797,0.4550429977970532,-1.3945193213037175,-0.6008702284282126,-0.3522141680300897
2011-11-30,-0.5879558016720228,-0.9995638408780161,0.3637224407866835,-1.7408065128215104,-0.6777312893491012,-0.2736121040537389
2011-12-30,-0.7319293645182309,-0.959155166490447,0.1468489133771823,-1.7873313882303223,-0.5938043235672914,-0.10191607286919502
2012-01-31,-0.3928312074693864,-1.3144322259020247,0.27516924733159537,-2.2145485035153767,-0.5775907736754283,-0.27297448428522136
2012-02-29,-0.23228582847786475,-1.5690305611813729,0.20401644827791066,-2.3855701833900924,-0.5370510852769907,-0.21834443499010106
2012-03-30,-0.22088233387397171,-1.1957971424403857,0.2839706546055604,-2.017906713848148,-0.2989418779138262,-0.09766950705778166
2012-04-30,-0.48576590160061034,-0.21471572606060227,0.34502204671898096,-0.737809126790539,-0.1257598160562643,-0.19334901208826555
2012-05-31,-0.5147058343700066,0.15721166269363773,0.3123965626370708,0.03424948731091594,-0.010507531838250928,-0.3498347432057455
2012-06-29,-0.4905627872626021,0.14654295211188803,0.29979669576660684,-0.08816161818671824,-0.016335427567258046,-0.5318118825290874
2012-07-31,-0.6388695124080627,0.4100340662221049,0.23381745257601777,0.15197852277548426,0.17473423049474113,-0.5136991805061294
2012-08-31,-0.633090933405432,0.6850018783253977,0.31083859908899386,0.32776361710674895,0.2132630905470178,-0.7837380742873783
2012-09-28,-0.7238616158384955,0.7809123043155194,0.29260514714511,0.4205920861594664,0.2504051298909892,-0.9253225451063484
2012-10-31,-0.38135256753550156,0.555739504229505,0.30509130389511396,0.21161452733818564,0.042656097176837354,-0.8159232476805749
2012-11-30,-0.30948906333899046,0.5142541118901379,0.34001879007370295,0.31862240205468884,0.0344445920751368,-0.7277349996996532
2012-12-31,-0.18585503688304308,0.5605263313689296,0.24785052660258067,0.04520709741273518,0.06628678358674016,-0.8225629616622222
2013-01-31,-0.07091717612694753,0.4459824916537439,0.31131609193923215,0.1490468571805229,-0.012630279721783051,-0.8362052951772916
2013-02-28,-0.2088686117693906,0.6094870533631046,0.3394232664551038,0.09137941326464825,0.09682597884248473,-0.7823309475859951
2013-03-28,-0.3049592824527085,0.662058371697074,0.29600677505906564,0.1139922429555737,0.1311292722624492,-0.8422020120544346
2013-04-30,-0.2483786665127853,0.7986378712592663,0.11503088726130817,0.06492775842518649,0.22497367730867696,-1.1559083289929006
2013-05-31,-0.10124390430348493,0.6205141793804069,0.056401932778296256,0.07546367256041593,0.20911452192325328,-1.0807738183712552
2013-06-28,-0.051901923958096036,0.5056926631038393,0.018650592845330598,0.3157966989649626,0.13010056552785224,-0.947116816572854
2013-07-31,-0.0318385843500752,0.6031997306941933,0.04793548895414232,0.16757454922323317,0.08474113167867585,-0.7825706136635291
2013-08-30,0.052966112368565604,0.39338370147828716,0.12587930594916125,0.0415265757424526,0.026552174836335922,-0.6339701605282843
2013-09-30,0.002252458792204636,0.5365277154777444,0.09063218434542318,-0.003963726965495468,-0.05793982925380768,-0.5273561159939218
2013-10-31,-0.009489970069910715,0.6739404781494176,0.014991325505700407,-0.0036453626161325795,0.0200844418264929,-0.5588634773497252
2013-11-29,0.0505952035480797,0.808072046647496,0.029955183439727293,0.003532100099211862,0.19923364811691066,-0.34860177709640516
2013-12-31,-0.21130708088149253,0.7654213397735113,0.049688508743123375,0.17294283165444096,0.25715420112719506,-0.3291254726653638
2014-01-31,-0.1920435966444495,0.6298732189252416,0.16533291477763087,0.35257663147747537,0.16843164779751094,-0.10792862837259154
2014-02-28,-0.20155382290279394,0.5759391527041574,0.1404535178162166,0.3165124120546101,0.18293097381287204,-0.13594804536780253
2014-03-31,-0.06430211192784924,0.6930841029390927,0.12218262965797383,0.01767509034546815,0.296850587120179,-0.12031595180778225
2014-04-30,-0.03360373006096172,0.8294486621577366,0.11095382427450967,-0.17194781596533795,0.34816388599827985,-0.24641183111916198
2014-05-30,0.036698054549458,0.7806698800011636,0.13642294068832805,-0.03017452620516852,0.2572463855081239,-0.34225814260143916
2014-06-30,0.06922811390443138,0.510328735361703,0.1584261159003872,-0.08020817924185658,0.08912924215489698,-0.24442062416158614
2014-07-31,0.13952004126650047,0.6135841088552647,0.162748312958913,-0.09566153696026464,0.05967161313422198,-0.3323960710501733
2014-08-29,0.39875416244206324,0.38174819198379295,0.22094963881216056,-0.10612882376485591,-0.13859391468537494,-0.3248542216545189
2014-09-30,0.4837746050016372,0.1493574465485949,0.370875089943055,0.025259906762015196,-0.1914701023488372,-0.3424428015703389
2014-10-31,0.2465380904690264,0.43054465906849293,0.3644232323022867,0.198140327633863,-0.03834501326209052,-0.29885977029580085
2014-11-28,0.2976158853717916,0.39546741763914933,0.4668535327451358,0.12777598633907772,0.008864689618928093,-0.2624378182666589
2014-12-31,0.3744484193757527,0.34711478225733017,0.5116621201798343,0.012019078066338,-0.06372761449019523,-0.22356968108252875
2015-01-30,0.14940385026463832,0.488913405447681,0.38085629641917707,0.551780463767423,0.006750722326998655,-0.26493924151200043
2015-02-27,0.06278460526811475,0.5084422951264634,0.34129560294676,0.40784447106016386,-0.00943155450475037,-0.36350669625080934
2015-03-31,-0.04566619097552117,0.46574097106675655,0.2893314827049211,0.4865469247531586,-0.06465054863847423,-0.3992502518954256
2015-04-30,0.11795188777500076,0.23301952700808737,0.24654357636651725,-0.045054387922886435,-0.14006083516560836,-0.4420815209021674
2015-05-29,0.20716946086678992,0.08532965482866883,0.37546759558399745,-0.02098755799382173,-0.22775586375288015,-0.4759906575593966
2015-06-30,0.18111500083210041,0.061565821690446616,0.40840843192526394,0.09934121339928438,-0.21046483934976534,-0.4041640670353214
2015-07-31,0.17779344188016516,0.11273917322484274,0.2848396491373608,0.4482921340823314,-0.253158799624682,-0.5637997124761445
2015-08-31,0.03877565782904284,0.20329459716269074,0.24507185938372342,0.45250486320307826,-0.1593121124928848,-0.429759137666048
2015-09-30,-0.11170101236799829,0.4634605345585288,0.173751805536727,0.7904318520136572,-0.045174117189450635,-0.5023758088693258
2015-10-30,-0.315529614545063,0.5326260369086744,0.14617493354554742,0.6212373240017072,0.02184748579345672,-0.6425623425108055
2015-11-30,-0.29059125381250706,0.5444487915983771,0.07192615723210766,0.5704018622962125,0.005305416142007833,-0.5742417994253406
2015-12-31,-0.5337718512893809,0.6553440734502382,0.04976486466485237,0.9623542534599063,0.06299173140070585,-0.5560454008121392
2016-01-29,-0.7329285748226088,0.9618130292191017,-0.017522147653911517,1.2308546226698183,0.34613671266786306,-0.7855380772292408
2016-02-29,-0.751310104542505,0.9500691535310786,0.039167228836954254,1.0275852805925243,0.34330175562926996,-0.7707234749275804
2016-03-31,-0.6365762232992106,0.8787235858904788,0.08642794388817931,0.9383247554420113,0.3491471360498106,-0.8675910825133094
2016-04-29,-0.48225437691054185,0.46846512533620177,0.2457808997106779,0.4954458804413894,0.17487196668171306,-0.6696498214977136
2016-05-31,-0.6973278992230053,0.634132703891668,0.18644961790410985,0.6540163596660631,0.23664120605140168,-0.722123719630485
2016-06-30,-0.7033568383914885,0.5434018878316832,0.2772605959101432,0.5884732517219624,0.22418254646004387,-0.678979935038978
2016-07-29,-0.7557730560468533,0.4374635173649262,0.2823863269163935,0.5922032230918013,0.3124445325544138,-0.6460547287897155
2016-08-31,-0.6658218957072476,0.5928040640158782,0.2871029136449709,0.6548726634777138,0.32229850794095527,-0.7335429768758108
2016-09-30,-0.6119403025477821,0.5517050467380038,0.2947697457472309,0.4640437203562641,0.4018604388820764,-0.7087899644618361
2016-10-31,-0.5380292478375212,0.5688517396304911,0.30435768290033915,0.6183260791150093,0.3837474081952348,-0.7707240335970479
2016-11-30,-0.3626366625136951,0.5367018355243243,0.40174584399474533,0.3664085227071223,0.30771535109793857,-0.7600178746509747
2016-12-30,-0.2612734024191159,0.6560898364546772,0.36464579322565993,0.3483226202794942,0.47178478946910535,-0.8774085288444616
2017-01-31,-0.2819950414974136,0.6042899434244976,0.33029568604595405,0.23564242733404273,0.5679584972864984,-1.0993126226910306
2017-02-28,-0.279028023491657,0.7392094268110939,0.24072165019609365,0.11829146403679745,0.6808862708515336,-1.1922049639669932
2017-03-31,-0.40647893361214477,0.5979859173876398,0.24860933229375537,0.32767668716715104,0.5525025363751668,-1.2356155157361934
2017-04-28,-0.45501465442555084,0.5169270741999656,0.2613080437468078,0.4340207701569521,0.4891607703030074,-1.1187333534642
2017-05-31,-0.47322374882090973,0.605711666091813,0.3148728180996475,0.3792209787789133,0.5672725931484517,-1.0852384782677849
2017-06-30,-0.41867053277568095,0.767741984987366,0.28386766190633195,0.33556222475784675,0.6251640907382172,-1.1044098626585732
2017-07-31,-0.3795165456315269,0.6175239820047811,0.3307513626909626,0.344363120265459,0.5789850057309512,-1.1687869412466887
2017-08-31,-0.4939473048905211,0.6885481605186274,0.25645019592935214,0.4507341731825048,0.6529624776307212,-1.2221890271581939
2017-09-29,-0.41873748482151696,0.48624422568913833,0.2663916240393496,0.30489776812737324,0.5532682577048976,-0.9630902970521465
2017-10-31,-0.30344475625036677,0.48386932472520855,0.2176108765653614,0.486162477445571,0.6002317464020857,-0.8924561395640089
2017-11-30,-0.20351014722417943,0.3940563084589365,0.13714410075670116,0.36457780437750376,0.549260407936976,-0.7842321808257542
2017-12-29,-0.3051226239864855,0.29278754842230603,0.15756413204637282,0.3287678349475238,0.5508520906088756,-0.7238707629414862
2018-01-31,-0.23361008426763943,0.4069716532255204,0.19310773129013947,0.39133044740613016,0.582649261592696,-0.897902645057101
2018-02-28,-0.26305827330548504,0.42753255731562956,0.1336586952056846,0.7257859557602584,0.6392767713132976,-0.8395071616274264
2018-03-29,-0.2642028279856509,0.3686308772678337,0.08978778039135668,0.5757658577924846,0.5820865816104823,-0.7566931523139254
2018-04-30,-0.2792390166932812,0.43449097548741367,0.23476348032775807,0.9135436509930778,0.5846657736460074,-0.7137492807184747
2018-05-31,-0.3832518065207512,0.29809311997879134,0.16669458459584116,0.7147201769653843,0.5878160542643962,-0.5865911010579458
2018-06-29,-0.4488032169380658,0.2886412528991038,0.13034948038028094,0.5253023795001159,0.5322085400822467,-0.5265525039242799
2018-07-31,-0.3507860019660366,0.21313522592649162,0.19829239095393844,0.03727226042306434,0.5373628376508852,-0.5243137737471942
2018-08-31,-0.427883330507467,0.21916250647007407,0.12131149995840358,0.24704494673537156,0.5040608213158894,-0.6809948709530932
2018-09-28,-0.32641363715442,-0.005141191626393658,0.18028354326339813,0.004651612076112403,0.43538128632606604,-0.6036042273665015
2018-10-31,-0.29954182990557143,0.02255597779249579,0.218820594802345,0.09544410524769434,0.336766264627676,-0.507975327196005
2018-11-30,-0.3467582311003283,0.14169000331562998,0.18078227703863814,0.037454799569404285,0.35395971689246236,-0.7305773045850342
2018-12-31,-0.3551159387167716,0.23642006607153693,0.24374348408861757,-0.1519573370297599,0.39840953463986717,-0.8271409938824312
2019-01-31,-0.1720647940066596,-0.21938283547810142,0.31450365493240084,-0.5710201101001963,0.14385604395270268,0.07347473408360569
2019-02-28,-0.22107777513693183,-0.3613927009624736,0.2538627466608243,-0.48390709796504655,0.03868620712533325,-0.4235522805544416
2019-03-29,-0.398985764709669,-0.19834711932175503,0.1537027442182768,-0.2740028745963074,0.15506874730625242,-0.42411902074639485
2019-04-30,-0.4950407909662516,0.30987488621393994,0.0166428829051245,0.10974835943775166,0.3620842700788169,-0.7073549522067677
2019-05-31,-0.5133787492298638,0.3945131423955944,0.030920777099236726,0.3755335543375783,0.2873412715325241,-0.68205323358154
2019-06-28,-0.3542873148742782,0.3509067389604177,-0.00853812999084274,0.15019272358972055,0.32303895781261416,-0.8020905632061764
2019-07-31,-0.3959502796770933,0.605909176188273,-0.1113738125731344,0.35132757514419777,0.33447115619076334,-0.9666143912835855
2019-08-30,-0.6833634371761246,0.7225182260552755,-0.18123807527838717,0.7814890207069893,0.4301266911090511,-1.0738435146128913
2019-09-30,-0.5722614807574679,0.868772570960782,-0.26287962351173993,0.6839215056821946,0.5802927585253698,-1.1531235746602537
2019-10-31,-0.6649981618581619,0.7751326202438827,-0.24980041578965473,0.5697954227323302,0.5406577309026095,-1.1496959722557691
2019-11-29,-0.9511664655851928,0.6775022929243154,-0.3069841822082686,0.7132235010234539,0.5200013103260073,-1.2222141241283855
2019-12-31,-0.9178204169146252,0.5321663988312818,-0.2910975341632908,0.5586922841030398,0.49470444598965696,-0.9944918380617244
2020-01-31,-0.9986223264909455,0.8028551242028998,-0.3542266560129889,0.953290542233611,0.531557260911689,-1.0458631558411051
2020-02-28,-1.084840353245741,0.716366116880609,-0.27563178403421484,1.1667486559226923,0.3914497612631926,-0.8412053483794776
2020-03-31,-1.4971448067790507,0.9148257138725135,-0.3869960439523596,1.5875479036110924,0.5888788688116153,-1.1128168905019473
2020-04-30,-1.2379144472187158,0.4054375372256543,-0.1738058607861882,1.0883357281774533,0.5051473596766171,-0.8000895405224563
2020-05-29,-1.2962920940589107,0.1897946440361059,-0.2061917131066074,1.0673847531065475,0.2967437656854735,-0.5816770542929623
2020-06-30,-1.3178437936736502,0.08698431075610993,-0.04315904784340541,0.999632471598766,0.34829704854892973,-0.2924003327937975
2020-07-31,-1.3501411306209294,0.18913034450746186,-0.012767186323106108,1.2342833826117596,0.35923380665158455,-0.13950748391197396
2020-08-31,-1.3368962876716932,-0.20361745543123588,0.3293850643187841,1.1874622300937994,0.4124842892647882,-0.20621707206019002
2020-09-30,-1.459179238552708,-0.03699083267310562,0.2134475069570855,1.3290544282936345,0.35450711569228405,-0.2996976556194845
2020-10-30,-1.4252614633220781,-0.06396475721315117,0.21393784044627773,1.0527673811019267,0.21669879001542125,-0.20597463111494746
2020-11-30,-1.290624776508193,-0.5013950811436958,0.4028968889617891,0.5560224800854192,-0.010844297626816553,0.1306396703387839
2020-12-31,-1.260292515170926,-0.6393674411957444,0.5103453483450683,0.6008280955925149,-0.006426133224195817,0.38869541571220506
2021-01-29,-1.1439597725537312,-0.9692147557709292,0.6140361541871879,0.3662326430698142,-0.09059602024441489,1.2476623066756989
2021-02-26,-0.949427953665086,-0.867400186552885,0.48785295046915195,-0.38705804475065503,-0.21195927325926628,1.5900689599388131
2021-03-31,-0.8118991025580171,-0.49785006959738887,0.405100064896474,-0.5200877667927495,-0.031051334777310185,1.3776279634521285
2021-04-30,-0.8473241191491647,-0.35873024682941357,0.3351920159632653,-0.450337537271247,-0.00500028253019676,1.0595324369284649
2021-05-28,-0.5572981467296749,-0.19345329163877514,0.19514764028063747,-0.6296832204262798,0.02411059243595938,0.8426868138130523
2021-06-30,-0.6971010087791536,-0.3764100493259229,0.28142783880274663,-0.2814864295312006,0.0355816811208141,1.0024842413326478
2021-07-30,-0.7915436464573428,-0.2606431237005265,0.31114765656048965,-0.22060310648279446,0.11820938353048965,0.9513050500223615
2021-08-31,-0.715747719273455,-0.23829587743958897,0.367803913474433,-0.3196787392688533,0.14223492978304952,0.956229808760682
2021-09-30,-0.6027665911390886,-0.2183415222133399,0.35288422507627204,-0.2853292465082153,0.027154302195828088,0.9668503866315868
2021-10-29,-0.6470095117603468,-0.3042054897465983,0.25365305238916297,-0.16068465743022056,0.15338083064152558,0.808902725756501
2021-11-30,-0.6398936450213935,-0.3288533401745649,0.18966879040797302,-0.04450422100434941,0.34822802512645423,0.8507506039137414
2021-12-31,-0.45031762074012044,-0.17481182135676246,0.1446717609596622,-0.29222707796748354,0.445787807477407,0.726570133769394
2022-01-31,-0.03441647916739468,0.3977086881579448,0.0845287749206171,0.08651394854995088,0.6143656089242051,-0.20253660541667257
2022-02-28,0.2549678760051962,0.5179078420516894,0.09534468290408116,0.21775502267206978,0.6848765687847245,0.3399532945297413
2022-03-31,0.41286206904060613,0.4416893153453773,0.0875657719001759,0.18926177164130667,0.6903778902602242,0.31957706154640303
2022-04-29,0.40167399656219477,0.580650384334797,0.20496037757839652,0.5907390618175504,0.6602912331965493,0.42054378426692907
2022-05-31,0.670006280475373,0.594876632857417,0.23635634227690913,0.3402309538926247,0.7859376839653064,0.3309395759666213
2022-06-30,0.451905484926343,0.8111305179760456,0.2788182697553816,0.6162514969264521,0.8527935066020781,0.37417839037065104
2022-07-29,0.4452294151736214,0.8171094091544613,0.12444027403237107,0.4350724725613924,0.8557103349570736,0.3477939183903763
2022-08-31,0.7220807300529919,0.5763152404326045,0.31334957455592133,0.10304343960136572,0.668288991375465,0.5389833350170924
2022-09-30,0.6394932070964079,0.6029837867243696,0.32555335619273357,0.36725809944160903,0.541364684988861,0.40364025441967655
2022-10-31,0.7724072463090168,0.5543299738496281,0.7258883640131306,0.40387436932502824,0.4999725980339131,0.32309012086620204
2022-11-30,0.8353105175852769,0.7020596706285318,0.8407731545430894,0.48651860951196746,0.6518162464368153,0.12338397306857517
2022-12-30,0.8240266203552898,0.8342330579718906,0.9946183783201048,0.7204887589687942,0.592036934776163,-0.062110604509816966
2023-01-31,0.8629970786528062,0.16731614651370513,0.8591720542890202,-0.3636371886096447,0.4935552270703096,0.1589101334981848
2023-02-28,1.0304253580452798,0.1260102505464435,0.8003791377284044,-0.6538303192935102,0.5759583955362646,-0.0699010608042552
2023-03-31,1.3254507098721073,-0.20864244770292817,0.8694085648833566,-1.2991828680763744,0.5389388472578102,-0.025425520673155216
2023-04-28,1.2660670498116324,0.39243219221245124,0.7942613396603294,-0.5447744198942056,0.6441090936321008,-0.2631872688620527
2023-05-31,1.2765531399565828,0.3845536744963937,0.5745909660183247,-0.8825779057438405,0.7968400575279913,-0.4402925832456613
2023-06-30,1.2745194712420858,0.40487715087475373,0.36558401623408165,-0.900613320049668,0.7585153308979032,-0.848061954641168
2023-07-31,1.2582474617808503,0.1969166968545457,0.3793682565678825,-1.5882463815458734,0.6980164178353301,-0.892563097816023
2023-08-31,1.3139119650052906,0.7409478648802131,0.1229074803454136,-1.3844891954966387,0.6613642626939495,-0.9318480034829739
2023-09-29,1.4470691183147553,0.7413971070891476,0.2299775464009186,-1.3849137226991333,0.741718776077953,-1.0383904814901648
2023-10-31,1.338762643604976,0.9091679820038977,0.2403399890130087,-1.0410517253510239,0.9122839570151443,-1.3759962250670092
2023-11-30,1.2087361648622517,1.22081701359783,0.14302887482673793,-0.35547222159709857,0.9971513034354861,-1.8338508398687767
2023-12-29,1.2227314855650162,1.2517483903570679,-0.004372735351109821,-0.5866286408900844,0.9694564752136716,-2.118662025376784
