time,open,high,low,close,Volume,Total common shares outstanding,Total assets,Total liabilities,Operating income,Total revenue,Shareholders&#039; equity,Dividend yield %
1684458000,0.69,0.705,0.64,0.665,216411200,4985000000,1759937000,734806000,129056000.00000001,404997000,963079000,NaN
1684717200,0.665,0.665,0.625,0.635,60540500,NaN,NaN,NaN,NaN,NaN,NaN,NaN
1684803600,0.63,0.66,0.63,0.64,13664600,NaN,NaN,NaN,NaN,NaN,NaN,NaN
1684890000,0.64,0.655,0.635,0.635,13306800,NaN,NaN,NaN,NaN,NaN,NaN,NaN
1684976400,0.635,0.645,0.635,0.64,6786200,NaN,NaN,NaN,NaN,NaN,NaN,NaN
1685062800,0.64,0.65,0.635,0.645,5644300,NaN,NaN,NaN,NaN,NaN,NaN,NaN
1685322000,0.645,0.67,0.64,0.65,15907600,NaN,NaN,NaN,NaN,NaN,NaN,NaN
1685408400,0.65,0.67,0.645,0.66,7732600,NaN,NaN,NaN,NaN,NaN,NaN,NaN
1685494800,0.66,0.665,0.65,0.655,4960200,4985000000,2008186000,781363000,123004000,423982000,1159421000,NaN
1685581200,0.655,0.665,0.65,0.65,2524800,NaN,NaN,NaN,NaN,NaN,NaN,NaN
1685667600,0.65,0.665,0.645,0.65,5794500,NaN,NaN,NaN,NaN,NaN,NaN,NaN
1686013200,0.65,0.655,0.64,0.645,6288600,NaN,NaN,NaN,NaN,NaN,NaN,NaN
1686099600,0.645,0.65,0.64,0.65,2180900,NaN,NaN,NaN,NaN,NaN,NaN,NaN
1686186000,0.65,0.655,0.645,0.65,2271800,NaN,NaN,NaN,NaN,NaN,NaN,NaN
1686272400,0.65,0.65,0.64,0.645,4004200,NaN,NaN,NaN,NaN,NaN,NaN,NaN
1686531600,0.65,0.65,0.645,0.65,1087900,NaN,NaN,NaN,NaN,NaN,NaN,NaN
1686618000,0.65,0.65,0.645,0.645,1751600,NaN,NaN,NaN,NaN,NaN,NaN,NaN
1686704400,0.645,0.65,0.645,0.65,1047300,NaN,NaN,NaN,NaN,NaN,NaN,NaN
1686790800,0.65,0.65,0.645,0.645,3003000,NaN,NaN,NaN,NaN,NaN,NaN,NaN
1686877200,0.645,0.66,0.645,0.65,3679900,NaN,NaN,NaN,NaN,NaN,NaN,NaN
1687136400,0.645,0.65,0.645,0.65,2790500,NaN,NaN,NaN,NaN,NaN,NaN,NaN
1687222800,0.645,0.655,0.645,0.65,2347600,NaN,NaN,NaN,NaN,NaN,NaN,NaN
1687309200,0.65,0.655,0.65,0.65,1543300,NaN,NaN,NaN,NaN,NaN,NaN,NaN
1687395600,0.65,0.665,0.65,0.66,3685800,NaN,NaN,NaN,NaN,NaN,NaN,NaN
1687482000,0.665,0.73,0.66,0.71,56117200,NaN,NaN,NaN,NaN,NaN,NaN,NaN
1687741200,0.715,0.725,0.705,0.72,12887200,NaN,NaN,NaN,NaN,NaN,NaN,NaN
1687827600,0.72,0.725,0.71,0.72,5113000,NaN,NaN,NaN,NaN,NaN,NaN,NaN
1687914000,0.72,0.745,0.715,0.715,31831700,NaN,NaN,NaN,NaN,NaN,NaN,NaN
1688086800,0.715,0.73,0.71,0.73,7599500,NaN,NaN,NaN,NaN,NaN,NaN,NaN
1688346000,0.735,0.755,0.73,0.73,26980300,NaN,NaN,NaN,NaN,NaN,NaN,NaN
1688432400,0.735,0.735,0.715,0.73,7666900,NaN,NaN,NaN,NaN,NaN,NaN,NaN
1688518800,0.73,0.735,0.725,0.73,2615200,NaN,NaN,NaN,NaN,NaN,NaN,NaN
1688605200,0.73,0.735,0.71,0.71,5999900,NaN,NaN,NaN,NaN,NaN,NaN,NaN
1688691600,0.705,0.72,0.705,0.715,4697400,NaN,NaN,NaN,NaN,NaN,NaN,NaN
1688950800,0.715,0.72,0.71,0.72,2178100,NaN,NaN,NaN,NaN,NaN,NaN,NaN
1689037200,0.72,0.735,0.72,0.72,5801300,NaN,NaN,NaN,NaN,NaN,NaN,NaN
1689123600,0.72,0.725,0.715,0.72,1161400,NaN,NaN,NaN,NaN,NaN,NaN,NaN
1689210000,0.72,0.735,0.715,0.725,3308700,NaN,NaN,NaN,NaN,NaN,NaN,NaN
1689296400,0.725,0.725,0.715,0.725,1784500,NaN,NaN,NaN,NaN,NaN,NaN,NaN
1689555600,0.72,0.725,0.715,0.715,3216200,NaN,NaN,NaN,NaN,NaN,NaN,NaN
1689642000,0.72,0.725,0.715,0.715,3104100,NaN,NaN,NaN,NaN,NaN,NaN,NaN
1689814800,0.715,0.72,0.705,0.71,4871800,NaN,NaN,NaN,NaN,NaN,NaN,NaN
1689901200,0.71,0.715,0.705,0.71,7336300,NaN,NaN,NaN,NaN,NaN,NaN,NaN
1690160400,0.71,0.72,0.71,0.715,3425800,NaN,NaN,NaN,NaN,NaN,NaN,NaN
1690246800,0.715,0.725,0.715,0.72,10895000,NaN,NaN,NaN,NaN,NaN,NaN,NaN
1690333200,0.72,0.735,0.72,0.725,9464400,NaN,NaN,NaN,NaN,NaN,NaN,NaN
1690419600,0.73,0.735,0.725,0.73,3831100,NaN,NaN,NaN,NaN,NaN,NaN,NaN
1690506000,0.73,0.75,0.73,0.745,23319800,NaN,NaN,NaN,NaN,NaN,NaN,NaN
1690765200,0.75,0.77,0.74,0.745,37773000,NaN,NaN,NaN,NaN,NaN,NaN,NaN
1690851600,0.75,0.755,0.735,0.74,5117100,NaN,NaN,NaN,NaN,NaN,NaN,NaN
1690938000,0.74,0.745,0.72,0.725,8167900,NaN,NaN,NaN,NaN,NaN,NaN,NaN
1691024400,0.725,0.73,0.71,0.72,5903400,NaN,NaN,NaN,NaN,NaN,NaN,NaN
1691110800,0.72,0.725,0.715,0.725,3201100,NaN,NaN,NaN,NaN,NaN,NaN,NaN
1691370000,0.725,0.73,0.72,0.725,3881000,NaN,NaN,NaN,NaN,NaN,NaN,NaN
1691456400,0.73,0.735,0.71,0.715,3392500,NaN,NaN,NaN,NaN,NaN,NaN,NaN
1691542800,0.72,0.72,0.71,0.715,1848600,NaN,NaN,NaN,NaN,NaN,NaN,NaN
1691629200,0.715,0.72,0.705,0.715,7069800,NaN,NaN,NaN,NaN,NaN,NaN,NaN
1691715600,0.71,0.725,0.705,0.715,9439100,NaN,NaN,NaN,NaN,NaN,NaN,NaN
1691974800,0.715,0.725,0.715,0.72,5334300,NaN,NaN,NaN,NaN,NaN,NaN,NaN
1692061200,0.72,0.725,0.705,0.705,4483900,NaN,NaN,NaN,NaN,NaN,NaN,NaN
1692147600,0.705,0.715,0.7,0.705,2077000,NaN,NaN,NaN,NaN,NaN,NaN,NaN
1692234000,0.705,0.715,0.7,0.715,3095100,NaN,NaN,NaN,NaN,NaN,NaN,NaN
1692320400,0.71,0.715,0.705,0.705,1799800,NaN,NaN,NaN,NaN,NaN,NaN,NaN
1692579600,0.71,0.715,0.7,0.71,2999900,NaN,NaN,NaN,NaN,NaN,NaN,NaN
1692666000,0.71,0.715,0.705,0.71,1357200,NaN,NaN,NaN,NaN,NaN,NaN,NaN
1692752400,0.71,0.715,0.71,0.715,721900,NaN,NaN,NaN,NaN,NaN,NaN,NaN
1692838800,0.715,0.715,0.705,0.71,1738200,NaN,NaN,NaN,NaN,NaN,NaN,NaN
1692925200,0.71,0.715,0.7,0.71,2494000,NaN,NaN,NaN,NaN,NaN,NaN,NaN
1693184400,0.71,0.71,0.675,0.68,5508300,NaN,NaN,NaN,NaN,NaN,NaN,NaN
1693270800,0.68,0.7,0.68,0.7,2632700,NaN,NaN,NaN,NaN,NaN,NaN,NaN
1693357200,0.7,0.71,0.695,0.695,3773400,4985000000,1962726000,704700000,115904000,458309000,1186117000,NaN
1693530000,0.7,0.705,0.695,0.695,2636800,NaN,NaN,NaN,NaN,NaN,NaN,NaN
1693789200,0.7,0.7,0.68,0.685,1802100,NaN,NaN,NaN,NaN,NaN,NaN,NaN
1693875600,0.685,0.7,0.685,0.7,611600,NaN,NaN,NaN,NaN,NaN,NaN,NaN
1693962000,0.7,0.705,0.685,0.705,1487300,NaN,NaN,NaN,NaN,NaN,NaN,NaN
1694048400,0.7,0.705,0.695,0.7,1000200,NaN,NaN,NaN,NaN,NaN,NaN,NaN
1694134800,0.7,0.7,0.68,0.69,1024500,NaN,NaN,NaN,NaN,NaN,NaN,NaN
1694394000,0.69,0.695,0.67,0.685,1226500,NaN,NaN,NaN,NaN,NaN,NaN,NaN
1694480400,0.685,0.705,0.68,0.705,4607700,NaN,NaN,NaN,NaN,NaN,NaN,NaN
1694566800,0.7,0.705,0.685,0.705,1137100,NaN,NaN,NaN,NaN,NaN,NaN,NaN
1694653200,0.7,0.705,0.69,0.705,1409700,NaN,NaN,NaN,NaN,NaN,NaN,NaN
1694739600,0.705,0.705,0.69,0.7,707600,NaN,NaN,NaN,NaN,NaN,NaN,NaN
1694998800,0.7,0.7,0.69,0.7,1048900,NaN,NaN,NaN,NaN,NaN,NaN,NaN
1695085200,0.695,0.7,0.695,0.695,240200,NaN,NaN,NaN,NaN,NaN,NaN,NaN
1695171600,0.69,0.695,0.685,0.685,820800,NaN,NaN,NaN,NaN,NaN,NaN,NaN
1695258000,0.685,0.695,0.685,0.69,609000,NaN,NaN,NaN,NaN,NaN,NaN,NaN
1695344400,0.69,0.7,0.68,0.69,3440400,NaN,NaN,NaN,NaN,NaN,NaN,NaN
1695603600,0.69,0.695,0.68,0.685,748100,NaN,NaN,NaN,NaN,NaN,NaN,NaN
1695690000,0.685,0.69,0.68,0.685,1463300,NaN,NaN,NaN,NaN,NaN,NaN,NaN
1695776400,0.685,0.69,0.68,0.685,819400,NaN,NaN,NaN,NaN,NaN,NaN,NaN
1695949200,0.685,0.695,0.68,0.68,2648200,NaN,NaN,NaN,NaN,NaN,NaN,NaN
1696208400,0.68,0.685,0.68,0.685,1147000,NaN,NaN,NaN,NaN,NaN,NaN,NaN
1696294800,0.685,0.685,0.665,0.67,1513100,NaN,NaN,NaN,NaN,NaN,NaN,NaN
1696381200,0.665,0.68,0.665,0.675,873300,NaN,NaN,NaN,NaN,NaN,NaN,NaN
1696467600,0.675,0.68,0.665,0.68,1329000,NaN,NaN,NaN,NaN,NaN,NaN,NaN
1696554000,0.675,0.685,0.665,0.685,827800,NaN,NaN,NaN,NaN,NaN,NaN,NaN
1696813200,0.68,0.68,0.65,0.66,2370300,NaN,NaN,NaN,NaN,NaN,NaN,NaN
1696899600,0.655,0.67,0.655,0.67,756500,NaN,NaN,NaN,NaN,NaN,NaN,NaN
1696986000,0.665,0.67,0.66,0.665,540100,NaN,NaN,NaN,NaN,NaN,NaN,NaN
1697072400,0.66,0.66,0.62,0.625,8577700,NaN,NaN,NaN,NaN,NaN,NaN,NaN
1697158800,0.63,0.64,0.62,0.625,5897300,NaN,NaN,NaN,NaN,NaN,NaN,NaN
1697418000,0.63,0.635,0.615,0.615,1725800,NaN,NaN,NaN,NaN,NaN,NaN,NaN
1697504400,0.615,0.625,0.605,0.615,8169500,NaN,NaN,NaN,NaN,NaN,NaN,NaN
1697590800,0.62,0.635,0.615,0.625,4440500,NaN,NaN,NaN,NaN,NaN,NaN,NaN
1697677200,0.625,0.64,0.625,0.63,1357900,NaN,NaN,NaN,NaN,NaN,NaN,NaN
1697763600,0.63,0.635,0.625,0.63,1834000,NaN,NaN,NaN,NaN,NaN,NaN,NaN
1698022800,0.625,0.63,0.62,0.63,2583000,NaN,NaN,NaN,NaN,NaN,NaN,NaN
1698109200,0.63,0.645,0.62,0.625,1955000,NaN,NaN,NaN,NaN,NaN,NaN,NaN
1698195600,0.625,0.635,0.625,0.63,2437400,NaN,NaN,NaN,NaN,NaN,NaN,NaN
1698282000,0.645,0.68,0.63,0.67,19238300,NaN,NaN,NaN,NaN,NaN,NaN,NaN
1698368400,0.675,0.69,0.665,0.675,8761500,NaN,NaN,NaN,NaN,NaN,NaN,NaN
1698627600,0.68,0.68,0.66,0.665,5384800,NaN,NaN,NaN,NaN,NaN,NaN,NaN
1698714000,0.67,0.675,0.655,0.665,7838900,NaN,NaN,NaN,NaN,NaN,NaN,NaN
1698800400,0.665,0.67,0.66,0.665,4605700,NaN,NaN,NaN,NaN,NaN,NaN,NaN
1698886800,0.665,0.675,0.66,0.665,3183200,NaN,NaN,NaN,NaN,NaN,NaN,NaN
1698973200,0.67,0.675,0.65,0.665,4653900,NaN,NaN,NaN,NaN,NaN,NaN,NaN
1699232400,0.665,0.68,0.665,0.675,3004000,NaN,NaN,NaN,NaN,NaN,NaN,NaN
1699318800,0.675,0.68,0.665,0.675,2968300,NaN,NaN,NaN,NaN,NaN,NaN,NaN
1699405200,0.675,0.68,0.66,0.665,1071600,NaN,NaN,NaN,NaN,NaN,NaN,NaN
1699491600,0.66,0.675,0.66,0.675,651400,NaN,NaN,NaN,NaN,NaN,NaN,NaN
1699578000,0.67,0.68,0.665,0.68,2244500,NaN,NaN,NaN,NaN,NaN,NaN,NaN
1699923600,0.68,0.685,0.665,0.675,2862800,NaN,NaN,NaN,NaN,NaN,NaN,NaN
1700010000,0.67,0.675,0.66,0.67,675700,NaN,NaN,NaN,NaN,NaN,NaN,NaN
1700096400,0.675,0.675,0.66,0.67,739500,NaN,NaN,NaN,NaN,NaN,NaN,NaN
1700182800,0.67,0.675,0.66,0.665,513100,NaN,NaN,NaN,NaN,NaN,NaN,NaN
1700442000,0.665,0.665,0.66,0.665,321000,NaN,NaN,NaN,NaN,NaN,NaN,NaN
1700528400,0.665,0.675,0.655,0.655,2221800,NaN,NaN,NaN,NaN,NaN,NaN,NaN
1700614800,0.655,0.67,0.655,0.67,912400,NaN,NaN,NaN,NaN,NaN,NaN,NaN
1700701200,0.67,0.675,0.66,0.675,576300,NaN,NaN,NaN,NaN,NaN,NaN,NaN
1700787600,0.665,0.675,0.66,0.67,634900,NaN,NaN,NaN,NaN,NaN,NaN,NaN
1701046800,0.67,0.67,0.655,0.665,376200,NaN,NaN,NaN,NaN,NaN,NaN,NaN
1701133200,0.665,0.675,0.66,0.665,231900,NaN,NaN,NaN,NaN,NaN,NaN,NaN
1701219600,0.67,0.67,0.655,0.66,1164500,NaN,NaN,NaN,NaN,NaN,NaN,NaN
1701306000,0.665,0.665,0.645,0.65,1553900,4983542800,1980009000,684609000,122797000,450288000,1219327000,NaN
1701392400,0.655,0.665,0.645,0.655,955700,NaN,NaN,NaN,NaN,NaN,NaN,NaN
1701651600,0.655,0.665,0.645,0.65,760300,NaN,NaN,NaN,NaN,NaN,NaN,NaN
1701738000,0.65,0.65,0.645,0.65,2636900,NaN,NaN,NaN,NaN,NaN,NaN,NaN
1701824400,0.65,0.66,0.64,0.645,1029700,NaN,NaN,NaN,NaN,NaN,NaN,NaN
1701910800,0.645,0.65,0.635,0.65,1605600,NaN,NaN,NaN,NaN,NaN,NaN,NaN
1701997200,0.645,0.65,0.635,0.645,1659900,NaN,NaN,NaN,NaN,NaN,NaN,NaN
1702256400,0.645,0.655,0.645,0.65,3873000,NaN,NaN,NaN,NaN,NaN,NaN,NaN
1702342800,0.65,0.65,0.64,0.645,598900,NaN,NaN,NaN,NaN,NaN,NaN,NaN
1702429200,0.645,0.65,0.645,0.65,593600,NaN,NaN,NaN,NaN,NaN,NaN,NaN
1702515600,0.65,0.65,0.64,0.65,1031200,NaN,NaN,NaN,NaN,NaN,NaN,NaN
1702602000,0.65,0.65,0.635,0.645,3195100,NaN,NaN,NaN,NaN,NaN,NaN,NaN
1702861200,0.645,0.65,0.64,0.65,699700,NaN,NaN,NaN,NaN,NaN,NaN,NaN
1702947600,0.65,0.65,0.64,0.645,613000,NaN,NaN,NaN,NaN,NaN,NaN,NaN
1703034000,0.64,0.645,0.635,0.645,2262400,NaN,NaN,NaN,NaN,NaN,NaN,NaN
1703120400,0.645,0.65,0.64,0.64,1754500,NaN,NaN,NaN,NaN,NaN,NaN,NaN
1703206800,0.645,0.645,0.635,0.64,2036400,NaN,NaN,NaN,NaN,NaN,NaN,NaN
1703552400,0.64,0.645,0.635,0.64,1095200,NaN,NaN,NaN,NaN,NaN,NaN,NaN
1703638800,0.64,0.65,0.635,0.64,962200,NaN,NaN,NaN,NaN,NaN,NaN,NaN
1703725200,0.64,0.645,0.64,0.64,599800,NaN,NaN,NaN,NaN,NaN,NaN,NaN
1703811600,0.645,0.645,0.635,0.635,1303000,NaN,NaN,NaN,NaN,NaN,NaN,NaN
1704157200,0.635,0.67,0.635,0.65,8294300,NaN,NaN,NaN,NaN,NaN,NaN,NaN
1704243600,0.65,0.665,0.65,0.655,5595700,NaN,NaN,NaN,NaN,NaN,NaN,NaN
1704330000,0.655,0.68,0.655,0.68,5046800,NaN,NaN,NaN,NaN,NaN,NaN,NaN
1704416400,0.68,0.7,0.675,0.695,7063800,NaN,NaN,NaN,NaN,NaN,NaN,NaN
1704675600,0.7,0.71,0.695,0.7,10443700,NaN,NaN,NaN,NaN,NaN,NaN,NaN
1704762000,0.7,0.71,0.685,0.69,3701000,NaN,NaN,NaN,NaN,NaN,NaN,NaN
1704848400,0.69,0.7,0.685,0.695,2435500,NaN,NaN,NaN,NaN,NaN,NaN,NaN
1704934800,0.695,0.7,0.68,0.695,3520400,NaN,NaN,NaN,NaN,NaN,NaN,NaN
1705021200,0.695,0.695,0.69,0.695,1872100,NaN,NaN,NaN,NaN,NaN,NaN,NaN
1705280400,0.695,0.7,0.69,0.695,2858100,NaN,NaN,NaN,NaN,NaN,NaN,NaN
1705366800,0.695,0.71,0.69,0.705,7655100,NaN,NaN,NaN,NaN,NaN,NaN,NaN
1705453200,0.705,0.72,0.685,0.7,15189500,NaN,NaN,NaN,NaN,NaN,NaN,NaN
1705539600,0.695,0.7,0.67,0.675,15044300,NaN,NaN,NaN,NaN,NaN,NaN,NaN
1705626000,0.685,0.685,0.655,0.665,4432900,NaN,NaN,NaN,NaN,NaN,NaN,NaN
1705885200,0.67,0.675,0.645,0.655,5069000,NaN,NaN,NaN,NaN,NaN,NaN,NaN
1705971600,0.655,0.67,0.65,0.67,3612000,NaN,NaN,NaN,NaN,NaN,NaN,NaN
1706058000,0.665,0.67,0.65,0.665,4532200,NaN,NaN,NaN,NaN,NaN,NaN,NaN
1706230800,0.68,0.68,0.65,0.655,8701300,NaN,NaN,NaN,NaN,NaN,NaN,NaN
1706490000,0.655,0.665,0.65,0.655,5761800,NaN,NaN,NaN,NaN,NaN,NaN,NaN
1706576400,0.66,0.66,0.65,0.66,5394600,NaN,NaN,NaN,NaN,NaN,NaN,NaN
1706662800,0.66,0.66,0.65,0.655,3641500,NaN,NaN,NaN,NaN,NaN,NaN,NaN
1706835600,0.655,0.66,0.65,0.655,3889500,NaN,NaN,NaN,NaN,NaN,NaN,NaN
1707094800,0.655,0.66,0.655,0.655,3944600,NaN,NaN,NaN,NaN,NaN,NaN,NaN
1707181200,0.655,0.665,0.65,0.655,4131700,NaN,NaN,NaN,NaN,NaN,NaN,NaN
1707267600,0.655,0.655,0.645,0.655,6055400,NaN,NaN,NaN,NaN,NaN,NaN,NaN
1707354000,0.655,0.655,0.65,0.655,5144600,NaN,NaN,NaN,NaN,NaN,NaN,NaN
1707440400,0.655,0.655,0.65,0.65,3897100,NaN,NaN,NaN,NaN,NaN,NaN,NaN
1707786000,0.65,0.66,0.65,0.655,6086000,NaN,NaN,NaN,NaN,NaN,NaN,NaN
1707872400,0.655,0.655,0.65,0.65,5487300,NaN,NaN,NaN,NaN,NaN,NaN,NaN
1707958800,0.64,0.65,0.64,0.64,4193000,NaN,NaN,NaN,NaN,NaN,NaN,NaN
1708045200,0.64,0.65,0.64,0.65,5868500,NaN,NaN,NaN,NaN,NaN,NaN,NaN
1708304400,0.65,0.65,0.64,0.64,4755800,NaN,NaN,NaN,NaN,NaN,NaN,NaN
1708390800,0.64,0.645,0.64,0.64,3891000,NaN,NaN,NaN,NaN,NaN,NaN,NaN
1708477200,0.64,0.645,0.64,0.64,3996800,NaN,NaN,NaN,NaN,NaN,NaN,NaN
1708563600,0.64,0.65,0.64,0.645,5359100,NaN,NaN,NaN,NaN,NaN,NaN,NaN
1708650000,0.645,0.645,0.63,0.635,6373100,NaN,NaN,NaN,NaN,NaN,NaN,NaN
1708909200,0.635,0.64,0.63,0.63,8556100,NaN,NaN,NaN,NaN,NaN,NaN,NaN
1708995600,0.63,0.64,0.63,0.635,4312200,NaN,NaN,NaN,NaN,NaN,NaN,NaN
1709082000,0.635,0.64,0.625,0.625,4097900,NaN,NaN,NaN,NaN,NaN,NaN,NaN
1709168400,0.63,0.63,0.62,0.63,5166900,4972761000,2099067000,740804000,120210000,470635000,1278302000,5.71428571428572
1709254800,0.63,0.63,0.62,0.63,4527100,NaN,NaN,NaN,NaN,NaN,NaN,NaN
1709514000,0.625,0.64,0.625,0.625,4559000,NaN,NaN,NaN,NaN,NaN,NaN,NaN
1709600400,0.625,0.63,0.615,0.625,4443700,NaN,NaN,NaN,NaN,NaN,NaN,NaN
1709686800,0.625,0.625,0.61,0.62,4934800,NaN,NaN,NaN,NaN,NaN,NaN,NaN
1709773200,0.615,0.615,0.595,0.6,8020100,NaN,NaN,NaN,NaN,NaN,NaN,NaN
1709859600,0.605,0.615,0.605,0.605,1555500,NaN,NaN,NaN,NaN,NaN,NaN,NaN
1710118800,0.605,0.61,0.6,0.61,631600,NaN,NaN,NaN,NaN,NaN,NaN,NaN
1710205200,0.61,0.61,0.595,0.6,1567700,NaN,NaN,NaN,NaN,NaN,NaN,NaN
1710291600,0.6,0.61,0.6,0.61,725000,NaN,NaN,NaN,NaN,NaN,NaN,NaN
1710378000,0.61,0.625,0.605,0.605,1691100,NaN,NaN,NaN,NaN,NaN,NaN,NaN
1710464400,0.615,0.615,0.6,0.605,1045800,NaN,NaN,NaN,NaN,NaN,NaN,NaN
1710723600,0.605,0.63,0.605,0.625,1675000,NaN,NaN,NaN,NaN,NaN,NaN,NaN
1710810000,0.63,0.645,0.625,0.63,1752900,NaN,NaN,NaN,NaN,NaN,NaN,NaN
1710896400,0.635,0.64,0.625,0.625,679600,NaN,NaN,NaN,NaN,NaN,NaN,NaN
1710982800,0.63,0.63,0.625,0.625,1152400,NaN,NaN,NaN,NaN,NaN,NaN,NaN
1711069200,0.63,0.63,0.615,0.615,693000,NaN,NaN,NaN,NaN,NaN,NaN,NaN
1711328400,0.62,0.63,0.615,0.62,1966700,NaN,NaN,NaN,NaN,NaN,NaN,NaN
1711414800,0.62,0.63,0.62,0.625,2627700,NaN,NaN,NaN,NaN,NaN,NaN,NaN
1711501200,0.625,0.63,0.62,0.625,1835700,NaN,NaN,NaN,NaN,NaN,NaN,NaN
1711674000,0.625,0.63,0.615,0.62,1728900,NaN,NaN,NaN,NaN,NaN,NaN,NaN
1711933200,0.62,0.625,0.615,0.615,472200,NaN,NaN,NaN,NaN,NaN,NaN,NaN
1712019600,0.615,0.62,0.61,0.615,4273400,NaN,NaN,NaN,NaN,NaN,NaN,NaN
1712106000,0.615,0.625,0.615,0.62,557700,NaN,NaN,NaN,NaN,NaN,NaN,NaN
1712192400,0.62,0.63,0.615,0.615,4971900,NaN,NaN,NaN,NaN,NaN,NaN,NaN
1712278800,0.615,0.625,0.615,0.62,1941800,NaN,NaN,NaN,NaN,NaN,NaN,NaN
1712538000,0.625,0.63,0.615,0.62,1446900,NaN,NaN,NaN,NaN,NaN,NaN,NaN
1712624400,0.62,0.63,0.62,0.625,1627700,NaN,NaN,NaN,NaN,NaN,NaN,NaN
1712883600,0.625,0.635,0.62,0.62,5695600,NaN,NaN,NaN,NaN,NaN,NaN,NaN
1713142800,0.62,0.625,0.615,0.625,2418100,NaN,NaN,NaN,NaN,NaN,NaN,NaN
1713229200,0.625,0.625,0.62,0.62,4086500,NaN,NaN,NaN,NaN,NaN,NaN,NaN
1713315600,0.625,0.625,0.62,0.625,1250900,NaN,NaN,NaN,NaN,NaN,NaN,NaN
1713402000,0.625,0.625,0.62,0.625,1617300,NaN,NaN,NaN,NaN,NaN,NaN,NaN
1713488400,0.62,0.625,0.61,0.61,2603300,NaN,NaN,NaN,NaN,NaN,NaN,NaN
1713747600,0.615,0.625,0.615,0.62,2759500,NaN,NaN,NaN,NaN,NaN,NaN,NaN
1713834000,0.62,0.625,0.615,0.62,2106700,NaN,NaN,NaN,NaN,NaN,NaN,NaN
1713920400,0.645,0.66,0.62,0.63,26804300,NaN,NaN,NaN,NaN,NaN,NaN,NaN
1714006800,0.635,0.645,0.63,0.635,10633900,NaN,NaN,NaN,NaN,NaN,NaN,NaN
1714093200,0.635,0.64,0.63,0.63,8723300,NaN,NaN,NaN,NaN,NaN,NaN,NaN
1714352400,0.635,0.635,0.62,0.625,8517900,NaN,NaN,NaN,NaN,NaN,NaN,NaN
1714438800,0.625,0.63,0.615,0.625,7156500,NaN,NaN,NaN,NaN,NaN,NaN,NaN
1714611600,0.62,0.625,0.615,0.62,6476300,NaN,NaN,NaN,NaN,NaN,NaN,NaN
1714698000,0.62,0.625,0.615,0.62,7406400,NaN,NaN,NaN,NaN,NaN,NaN,NaN
1714957200,0.62,0.63,0.62,0.63,6961000,NaN,NaN,NaN,NaN,NaN,NaN,NaN
1715043600,0.63,0.63,0.62,0.62,6459300,NaN,NaN,NaN,NaN,NaN,NaN,NaN
1715130000,0.625,0.635,0.625,0.625,9908300,NaN,NaN,NaN,NaN,NaN,NaN,NaN
1715216400,0.625,0.645,0.625,0.64,13013500,NaN,NaN,NaN,NaN,NaN,NaN,NaN
1715302800,0.635,0.655,0.63,0.64,21425600,NaN,NaN,NaN,NaN,NaN,NaN,NaN
1715562000,0.645,0.645,0.63,0.635,6348400,NaN,NaN,NaN,NaN,NaN,NaN,NaN
1715648400,0.63,0.64,0.625,0.635,7487400,NaN,NaN,NaN,NaN,NaN,NaN,NaN
1715734800,0.635,0.64,0.625,0.63,7535500,NaN,NaN,NaN,NaN,NaN,NaN,NaN
1715821200,0.63,0.65,0.63,0.635,13417200,NaN,NaN,NaN,NaN,NaN,NaN,NaN
1715907600,0.64,0.65,0.64,0.645,6850100,NaN,NaN,NaN,NaN,NaN,NaN,NaN
1716166800,0.65,0.705,0.645,0.7,26915200,NaN,NaN,NaN,NaN,NaN,NaN,NaN
1716253200,0.69,0.695,0.67,0.675,13230700,NaN,NaN,NaN,NaN,NaN,NaN,NaN
1716426000,0.68,0.69,0.67,0.675,7864600,NaN,NaN,NaN,NaN,NaN,NaN,NaN
1716512400,0.67,0.685,0.665,0.675,4104800,NaN,NaN,NaN,NaN,NaN,NaN,NaN
1716771600,0.675,0.68,0.665,0.665,3776600,NaN,NaN,NaN,NaN,NaN,NaN,NaN
1716858000,0.665,0.665,0.65,0.655,3430900,NaN,NaN,NaN,NaN,NaN,NaN,NaN
1716944400,0.65,0.66,0.65,0.65,4000600,NaN,NaN,NaN,NaN,NaN,NaN,NaN
1717030800,0.65,0.66,0.635,0.645,6968500,NaN,NaN,NaN,NaN,NaN,NaN,NaN
1717117200,0.645,0.65,0.635,0.635,5434700,4972761500,2090891000,698713000,137563000,475053000,1312218000,5.82677165354331
1717462800,0.64,0.66,0.64,0.655,3630500,NaN,NaN,NaN,NaN,NaN,NaN,NaN
1717549200,0.66,0.665,0.65,0.655,4513800,NaN,NaN,NaN,NaN,NaN,NaN,NaN
1717635600,0.655,0.665,0.65,0.66,3054300,NaN,NaN,NaN,NaN,NaN,NaN,NaN
1717722000,0.66,0.675,0.655,0.67,7917100,NaN,NaN,NaN,NaN,NaN,NaN,NaN
1717981200,0.675,0.675,0.665,0.665,8253400,NaN,NaN,NaN,NaN,NaN,NaN,NaN
1718067600,0.665,0.685,0.66,0.665,10150400,NaN,NaN,NaN,NaN,NaN,NaN,NaN
1718154000,0.665,0.675,0.65,0.65,6391500,NaN,NaN,NaN,NaN,NaN,NaN,NaN
1718240400,0.65,0.66,0.65,0.655,2284100,NaN,NaN,NaN,NaN,NaN,NaN,NaN
1718326800,0.655,0.655,0.645,0.65,4576800,NaN,NaN,NaN,NaN,NaN,NaN,NaN
1718672400,0.655,0.655,0.645,0.645,1950900,NaN,NaN,NaN,NaN,NaN,NaN,NaN
1718758800,0.65,0.65,0.635,0.64,3345500,NaN,NaN,NaN,NaN,NaN,NaN,NaN
1718845200,0.64,0.645,0.635,0.64,3765300,NaN,NaN,NaN,NaN,NaN,NaN,NaN
1718931600,0.64,0.645,0.63,0.64,7887900,NaN,NaN,NaN,NaN,NaN,NaN,NaN
1719190800,0.64,0.645,0.635,0.635,1274400,NaN,NaN,NaN,NaN,NaN,NaN,NaN
1719277200,0.64,0.64,0.63,0.64,3154300,NaN,NaN,NaN,NaN,NaN,NaN,NaN
1719363600,0.64,0.64,0.625,0.635,10254500,NaN,NaN,NaN,NaN,NaN,NaN,NaN
1719450000,0.635,0.635,0.63,0.635,532000,NaN,NaN,NaN,NaN,NaN,NaN,NaN
1719536400,0.64,0.64,0.635,0.64,370800,NaN,NaN,NaN,NaN,NaN,NaN,NaN
1719795600,0.64,0.64,0.635,0.64,1254000,NaN,NaN,NaN,NaN,NaN,NaN,NaN
1719882000,0.64,0.64,0.63,0.635,2765800,NaN,NaN,NaN,NaN,NaN,NaN,NaN
1719968400,0.635,0.645,0.63,0.635,2987600,NaN,NaN,NaN,NaN,NaN,NaN,NaN
1720054800,0.64,0.645,0.635,0.64,3951700,NaN,NaN,NaN,NaN,NaN,NaN,NaN
1720141200,0.635,0.645,0.635,0.64,1405800,NaN,NaN,NaN,NaN,NaN,NaN,NaN
1720486800,0.635,0.64,0.635,0.64,2184700,NaN,NaN,NaN,NaN,NaN,NaN,NaN
1720573200,0.64,0.64,0.63,0.635,2183400,NaN,NaN,NaN,NaN,NaN,NaN,NaN
1720659600,0.635,0.64,0.63,0.635,1747400,NaN,NaN,NaN,NaN,NaN,NaN,NaN
1720746000,0.635,0.64,0.63,0.64,1349400,NaN,NaN,NaN,NaN,NaN,NaN,NaN
1721005200,0.64,0.645,0.63,0.635,5304300,NaN,NaN,NaN,NaN,NaN,NaN,NaN
1721091600,0.635,0.64,0.63,0.635,1959800,NaN,NaN,NaN,NaN,NaN,NaN,NaN
1721178000,0.63,0.635,0.63,0.63,1280700,NaN,NaN,NaN,NaN,NaN,NaN,NaN
1721264400,0.635,0.635,0.63,0.63,1046700,NaN,NaN,NaN,NaN,NaN,NaN,NaN
1721350800,0.635,0.635,0.63,0.635,1522900,NaN,NaN,NaN,NaN,NaN,NaN,NaN
1721610000,0.635,0.635,0.625,0.63,2666100,NaN,NaN,NaN,NaN,NaN,NaN,NaN
1721696400,0.63,0.635,0.63,0.635,632400,NaN,NaN,NaN,NaN,NaN,NaN,NaN
1721782800,0.635,0.64,0.63,0.635,1291600,NaN,NaN,NaN,NaN,NaN,NaN,NaN
1721869200,0.635,0.635,0.63,0.63,2510900,NaN,NaN,NaN,NaN,NaN,NaN,NaN
1721955600,0.625,0.635,0.625,0.635,1329400,NaN,NaN,NaN,NaN,NaN,NaN,NaN
1722214800,0.645,0.65,0.635,0.64,8899600,NaN,NaN,NaN,NaN,NaN,NaN,NaN
1722301200,0.64,0.655,0.64,0.655,5428100,NaN,NaN,NaN,NaN,NaN,NaN,NaN
1722387600,0.655,0.655,0.65,0.655,3299300,NaN,NaN,NaN,NaN,NaN,NaN,NaN
1722474000,0.655,0.655,0.64,0.65,2279800,NaN,NaN,NaN,NaN,NaN,NaN,NaN
1722560400,0.645,0.65,0.635,0.64,2996000,NaN,NaN,NaN,NaN,NaN,NaN,NaN
1722819600,0.635,0.635,0.61,0.62,8620500,NaN,NaN,NaN,NaN,NaN,NaN,NaN
1722906000,0.615,0.625,0.605,0.615,4625300,NaN,NaN,NaN,NaN,NaN,NaN,NaN
1722992400,0.62,0.625,0.615,0.625,1431500,NaN,NaN,NaN,NaN,NaN,NaN,NaN
1723078800,0.62,0.625,0.61,0.625,3663800,NaN,NaN,NaN,NaN,NaN,NaN,NaN
1723165200,0.625,0.625,0.615,0.62,1531800,NaN,NaN,NaN,NaN,NaN,NaN,NaN
1723424400,0.62,0.62,0.615,0.62,1612700,NaN,NaN,NaN,NaN,NaN,NaN,NaN
1723510800,0.615,0.62,0.61,0.615,2057100,NaN,NaN,NaN,NaN,NaN,NaN,NaN
1723597200,0.615,0.62,0.615,0.62,489800,NaN,NaN,NaN,NaN,NaN,NaN,NaN
1723683600,0.62,0.62,0.605,0.61,4874800,NaN,NaN,NaN,NaN,NaN,NaN,NaN
1723770000,0.615,0.62,0.61,0.615,2273600,NaN,NaN,NaN,NaN,NaN,NaN,NaN
1724029200,0.62,0.625,0.615,0.62,2175100,NaN,NaN,NaN,NaN,NaN,NaN,NaN
1724115600,0.62,0.64,0.615,0.63,3727800,NaN,NaN,NaN,NaN,NaN,NaN,NaN
1724202000,0.63,0.635,0.625,0.63,824500,NaN,NaN,NaN,NaN,NaN,NaN,NaN
1724288400,0.63,0.635,0.625,0.625,1280600,NaN,NaN,NaN,NaN,NaN,NaN,NaN
1724374800,0.625,0.625,0.62,0.62,1114800,NaN,NaN,NaN,NaN,NaN,NaN,NaN
1724634000,0.625,0.625,0.62,0.62,582900,NaN,NaN,NaN,NaN,NaN,NaN,NaN
1724720400,0.62,0.625,0.62,0.62,1215200,NaN,NaN,NaN,NaN,NaN,NaN,NaN
1724806800,0.62,0.625,0.615,0.62,956300,NaN,NaN,NaN,NaN,NaN,NaN,NaN
1724893200,0.62,0.62,0.615,0.615,1076500,NaN,NaN,NaN,NaN,NaN,NaN,NaN
1724979600,0.62,0.62,0.615,0.62,592900,4972761500,2081025999.9999998,703637000,131205999.99999999,488433000,1298291000,5.80645161290323
1725238800,0.62,0.62,0.615,0.62,859800,NaN,NaN,NaN,NaN,NaN,NaN,NaN
1725325200,0.62,0.62,0.61,0.615,3831400,NaN,NaN,NaN,NaN,NaN,NaN,NaN
1725411600,0.615,0.615,0.61,0.61,1065000,NaN,NaN,NaN,NaN,NaN,NaN,NaN
1725498000,0.615,0.62,0.61,0.615,2402700,NaN,NaN,NaN,NaN,NaN,NaN,NaN
1725584400,0.615,0.615,0.61,0.615,544400,NaN,NaN,NaN,NaN,NaN,NaN,NaN
1725843600,0.62,0.62,0.585,0.59,10678200,NaN,NaN,NaN,NaN,NaN,NaN,NaN
1725930000,0.59,0.6,0.59,0.595,3031900,NaN,NaN,NaN,NaN,NaN,NaN,NaN
1726016400,0.595,0.6,0.595,0.6,1296600,NaN,NaN,NaN,NaN,NaN,NaN,NaN
1726102800,0.6,0.6,0.595,0.595,760100,NaN,NaN,NaN,NaN,NaN,NaN,NaN
1726189200,0.6,0.605,0.595,0.6,1744300,NaN,NaN,NaN,NaN,NaN,NaN,NaN
1726534800,0.6,0.6,0.595,0.6,873400,NaN,NaN,NaN,NaN,NaN,NaN,NaN
1726621200,0.6,0.6,0.595,0.6,1373100,NaN,NaN,NaN,NaN,NaN,NaN,NaN
1726707600,0.6,0.6,0.595,0.6,2400300,NaN,NaN,NaN,NaN,NaN,NaN,NaN
1726794000,0.6,0.615,0.6,0.615,2453700,NaN,NaN,NaN,NaN,NaN,NaN,NaN
1727053200,0.615,0.615,0.61,0.615,682200,NaN,NaN,NaN,NaN,NaN,NaN,NaN
1727139600,0.615,0.615,0.61,0.615,615300,NaN,NaN,NaN,NaN,NaN,NaN,NaN
1727226000,0.61,0.615,0.605,0.61,814700,NaN,NaN,NaN,NaN,NaN,NaN,NaN
1727312400,0.605,0.61,0.6,0.605,1264200,NaN,NaN,NaN,NaN,NaN,NaN,NaN
1727398800,0.605,0.61,0.6,0.605,435500,NaN,NaN,NaN,NaN,NaN,NaN,NaN
1727658000,0.605,0.605,0.6,0.605,1060600,NaN,NaN,NaN,NaN,NaN,NaN,NaN
1727744400,0.605,0.605,0.6,0.605,773500,NaN,NaN,NaN,NaN,NaN,NaN,NaN
1727830800,0.605,0.615,0.6,0.605,2210900,NaN,NaN,NaN,NaN,NaN,NaN,NaN
1727917200,0.6,0.605,0.6,0.605,757800,NaN,NaN,NaN,NaN,NaN,NaN,NaN
1728003600,0.605,0.605,0.595,0.6,3696200,NaN,NaN,NaN,NaN,NaN,NaN,NaN
1728262800,0.6,0.605,0.6,0.6,1231500,NaN,NaN,NaN,NaN,NaN,NaN,NaN
1728349200,0.605,0.605,0.595,0.6,1522600,NaN,NaN,NaN,NaN,NaN,NaN,NaN
1728435600,0.6,0.6,0.595,0.6,951500,NaN,NaN,NaN,NaN,NaN,NaN,NaN
1728522000,0.6,0.6,0.595,0.6,766300,NaN,NaN,NaN,NaN,NaN,NaN,NaN
1728608400,0.605,0.605,0.595,0.6,875000,NaN,NaN,NaN,NaN,NaN,NaN,NaN
1728867600,0.6,0.605,0.595,0.6,1182300,NaN,NaN,NaN,NaN,NaN,NaN,NaN
1728954000,0.6,0.6,0.59,0.595,2504500,NaN,NaN,NaN,NaN,NaN,NaN,NaN
1729040400,0.595,0.6,0.59,0.6,569700,NaN,NaN,NaN,NaN,NaN,NaN,NaN
1729126800,0.6,0.6,0.595,0.6,1229900,NaN,NaN,NaN,NaN,NaN,NaN,NaN
1729213200,0.6,0.6,0.59,0.595,1927900,NaN,NaN,NaN,NaN,NaN,NaN,NaN
1729472400,0.59,0.6,0.59,0.6,369500,NaN,NaN,NaN,NaN,NaN,NaN,NaN
1729558800,0.6,0.6,0.595,0.595,337000,NaN,NaN,NaN,NaN,NaN,NaN,NaN
1729645200,0.595,0.6,0.59,0.595,1661700,NaN,NaN,NaN,NaN,NaN,NaN,NaN
1729731600,0.595,0.595,0.585,0.59,3170500,NaN,NaN,NaN,NaN,NaN,NaN,NaN
1729818000,0.58,0.59,0.575,0.585,6691100,NaN,NaN,NaN,NaN,NaN,NaN,NaN
1730077200,0.585,0.585,0.575,0.575,1881200,NaN,NaN,NaN,NaN,NaN,NaN,NaN
1730163600,0.575,0.58,0.575,0.575,731600,NaN,NaN,NaN,NaN,NaN,NaN,NaN
1730250000,0.575,0.58,0.565,0.57,2359400,NaN,NaN,NaN,NaN,NaN,NaN,NaN
1730422800,0.57,0.575,0.565,0.565,1438400,NaN,NaN,NaN,NaN,NaN,NaN,NaN
1730682000,0.57,0.575,0.565,0.57,1256400,NaN,NaN,NaN,NaN,NaN,NaN,NaN
1730768400,0.575,0.575,0.565,0.57,1396600,NaN,NaN,NaN,NaN,NaN,NaN,NaN
1730854800,0.57,0.575,0.56,0.565,1876200,NaN,NaN,NaN,NaN,NaN,NaN,NaN
1730941200,0.565,0.565,0.515,0.515,17273600,NaN,NaN,NaN,NaN,NaN,NaN,NaN
1731027600,0.515,0.515,0.48,0.49,26654100,NaN,NaN,NaN,NaN,NaN,NaN,NaN
1731286800,0.495,0.5,0.49,0.495,9852200,NaN,NaN,NaN,NaN,NaN,NaN,NaN
1731373200,0.49,0.495,0.455,0.46,9011200,NaN,NaN,NaN,NaN,NaN,NaN,NaN
1731459600,0.46,0.48,0.445,0.475,8764700,NaN,NaN,NaN,NaN,NaN,NaN,NaN
1731546000,0.48,0.485,0.47,0.475,4692100,NaN,NaN,NaN,NaN,NaN,NaN,NaN
1731632400,0.48,0.49,0.48,0.485,4394800,NaN,NaN,NaN,NaN,NaN,NaN,NaN
1731891600,0.485,0.49,0.48,0.48,1760600,NaN,NaN,NaN,NaN,NaN,NaN,NaN
1731978000,0.485,0.49,0.48,0.48,2327100,NaN,NaN,NaN,NaN,NaN,NaN,NaN
1732064400,0.485,0.49,0.48,0.485,2239500,NaN,NaN,NaN,NaN,NaN,NaN,NaN
1732150800,0.485,0.49,0.475,0.48,2049800,NaN,NaN,NaN,NaN,NaN,NaN,NaN
1732237200,0.48,0.48,0.475,0.475,2635600,NaN,NaN,NaN,NaN,NaN,NaN,NaN
1732496400,0.475,0.49,0.475,0.485,6674300,NaN,NaN,NaN,NaN,NaN,NaN,NaN
1732582800,0.485,0.5,0.485,0.49,3922200,NaN,NaN,NaN,NaN,NaN,NaN,NaN
1732669200,0.5,0.5,0.485,0.49,762600,NaN,NaN,NaN,NaN,NaN,NaN,NaN
1732755600,0.49,0.49,0.47,0.48,5345000,NaN,NaN,NaN,NaN,NaN,NaN,NaN
1732842000,0.48,0.485,0.475,0.485,731300,4972261500,2129688999.9999998,703549000,145312000,486094000,1345209000,7.62886597938144
1733101200,0.485,0.485,0.475,0.48,1188200,NaN,NaN,NaN,NaN,NaN,NaN,NaN
1733187600,0.48,0.49,0.475,0.48,1605700,NaN,NaN,NaN,NaN,NaN,NaN,NaN
1733274000,0.49,0.495,0.485,0.485,2163000,NaN,NaN,NaN,NaN,NaN,NaN,NaN
1733360400,0.49,0.495,0.485,0.49,1904300,NaN,NaN,NaN,NaN,NaN,NaN,NaN
1733446800,0.49,0.52,0.49,0.515,4075400,NaN,NaN,NaN,NaN,NaN,NaN,NaN
1733706000,0.52,0.525,0.505,0.51,1267300,NaN,NaN,NaN,NaN,NaN,NaN,NaN
1733792400,0.51,0.52,0.505,0.505,867800,NaN,NaN,NaN,NaN,NaN,NaN,NaN
1733878800,0.51,0.515,0.5,0.5,1161500,NaN,NaN,NaN,NaN,NaN,NaN,NaN
1733965200,0.505,0.51,0.5,0.51,1357100,NaN,NaN,NaN,NaN,NaN,NaN,NaN
1734051600,0.505,0.51,0.505,0.505,538000,NaN,NaN,NaN,NaN,NaN,NaN,NaN
1734310800,0.505,0.51,0.505,0.51,947000,NaN,NaN,NaN,NaN,NaN,NaN,NaN
1734397200,0.505,0.515,0.49,0.5,3553900,NaN,NaN,NaN,NaN,NaN,NaN,NaN
1734483600,0.505,0.505,0.495,0.505,272100,NaN,NaN,NaN,NaN,NaN,NaN,NaN
1734570000,0.495,0.5,0.495,0.5,273000,NaN,NaN,NaN,NaN,NaN,NaN,NaN
1734656400,0.5,0.505,0.495,0.5,896100,NaN,NaN,NaN,NaN,NaN,NaN,NaN
1734915600,0.505,0.505,0.5,0.5,571400,NaN,NaN,NaN,NaN,NaN,NaN,NaN
1735002000,0.5,0.505,0.495,0.5,739700,NaN,NaN,NaN,NaN,NaN,NaN,NaN
1735174800,0.505,0.515,0.505,0.51,2095800,NaN,NaN,NaN,NaN,NaN,NaN,NaN
1735261200,0.51,0.515,0.51,0.515,511800,NaN,NaN,NaN,NaN,NaN,NaN,NaN
1735520400,0.515,0.52,0.51,0.515,757600,NaN,NaN,NaN,NaN,NaN,NaN,NaN
1735606800,0.515,0.515,0.505,0.515,1154300,NaN,NaN,NaN,NaN,NaN,NaN,NaN
1735779600,0.51,0.515,0.505,0.51,901500,NaN,NaN,NaN,NaN,NaN,NaN,NaN
1735866000,0.51,0.515,0.51,0.51,357600,NaN,NaN,NaN,NaN,NaN,NaN,NaN
1736125200,0.51,0.53,0.51,0.53,3159200,NaN,NaN,NaN,NaN,NaN,NaN,NaN
1736211600,0.53,0.54,0.52,0.54,1902500,NaN,NaN,NaN,NaN,NaN,NaN,NaN
1736298000,0.54,0.54,0.525,0.53,3226600,NaN,NaN,NaN,NaN,NaN,NaN,NaN
1736384400,0.53,0.54,0.525,0.535,2410900,NaN,NaN,NaN,NaN,NaN,NaN,NaN
1736470800,0.535,0.54,0.52,0.53,3388500,NaN,NaN,NaN,NaN,NaN,NaN,NaN
1736730000,0.525,0.525,0.495,0.5,6186000,NaN,NaN,NaN,NaN,NaN,NaN,NaN
1736816400,0.505,0.51,0.5,0.505,1931300,NaN,NaN,NaN,NaN,NaN,NaN,NaN
1736902800,0.505,0.505,0.49,0.5,2927100,NaN,NaN,NaN,NaN,NaN,NaN,NaN
1736989200,0.505,0.505,0.495,0.5,883700,NaN,NaN,NaN,NaN,NaN,NaN,NaN
1737075600,0.5,0.505,0.495,0.5,684100,NaN,NaN,NaN,NaN,NaN,NaN,NaN
1737334800,0.5,0.51,0.5,0.505,225400,NaN,NaN,NaN,NaN,NaN,NaN,NaN
1737421200,0.51,0.51,0.5,0.5,253600,NaN,NaN,NaN,NaN,NaN,NaN,NaN
1737507600,0.5,0.515,0.5,0.505,497900,NaN,NaN,NaN,NaN,NaN,NaN,NaN
1737594000,0.505,0.51,0.5,0.505,680700,NaN,NaN,NaN,NaN,NaN,NaN,NaN
1737680400,0.505,0.51,0.5,0.51,146300,NaN,NaN,NaN,NaN,NaN,NaN,NaN
1737939600,0.51,0.51,0.5,0.505,337500,NaN,NaN,NaN,NaN,NaN,NaN,NaN
1738026000,0.52,0.535,0.515,0.52,15280600,NaN,NaN,NaN,NaN,NaN,NaN,NaN
1738285200,0.525,0.54,0.525,0.53,9199300,NaN,NaN,NaN,NaN,NaN,NaN,NaN
1738544400,0.54,0.54,0.525,0.525,7221100,NaN,NaN,NaN,NaN,NaN,NaN,NaN
1738630800,0.525,0.535,0.525,0.53,3559600,NaN,NaN,NaN,NaN,NaN,NaN,NaN
1738717200,0.53,0.535,0.525,0.53,2332600,NaN,NaN,NaN,NaN,NaN,NaN,NaN
1738803600,0.53,0.535,0.525,0.535,3200300,NaN,NaN,NaN,NaN,NaN,NaN,NaN
1738890000,0.535,0.545,0.53,0.545,5911500,NaN,NaN,NaN,NaN,NaN,NaN,NaN
1739149200,0.545,0.55,0.54,0.545,3333800,NaN,NaN,NaN,NaN,NaN,NaN,NaN
1739322000,0.55,0.555,0.54,0.55,5883600,NaN,NaN,NaN,NaN,NaN,NaN,NaN
1739408400,0.55,0.555,0.53,0.53,7394100,NaN,NaN,NaN,NaN,NaN,NaN,NaN
1739494800,0.53,0.545,0.53,0.535,4836000,NaN,NaN,NaN,NaN,NaN,NaN,NaN
1739754000,0.53,0.535,0.525,0.525,2083900,NaN,NaN,NaN,NaN,NaN,NaN,NaN
1739840400,0.525,0.535,0.525,0.53,2963500,NaN,NaN,NaN,NaN,NaN,NaN,NaN
1739926800,0.525,0.53,0.51,0.515,4318200,NaN,NaN,NaN,NaN,NaN,NaN,NaN
1740013200,0.515,0.53,0.515,0.52,4786900,NaN,NaN,NaN,NaN,NaN,NaN,NaN
1740099600,0.52,0.525,0.515,0.515,1575600,NaN,NaN,NaN,NaN,NaN,NaN,NaN
1740358800,0.52,0.53,0.515,0.525,1439800,NaN,NaN,NaN,NaN,NaN,NaN,NaN
1740445200,0.525,0.525,0.505,0.51,4373900,NaN,NaN,NaN,NaN,NaN,NaN,NaN
1740531600,0.505,0.515,0.505,0.51,2313100,NaN,NaN,NaN,NaN,NaN,NaN,NaN
1740618000,0.505,0.52,0.505,0.515,2074800,NaN,NaN,NaN,NaN,NaN,NaN,NaN
1740704400,0.51,0.52,0.505,0.51,1948900,4972261000,2097235999.9999998,759738000,135135000,458896000,1259461000,7.25490196078431
1740963600,0.51,0.515,0.495,0.505,5412600,NaN,NaN,NaN,NaN,NaN,NaN,NaN
1741050000,0.505,0.505,0.495,0.5,4482000,NaN,NaN,NaN,NaN,NaN,NaN,NaN
1741136400,0.5,0.515,0.5,0.505,3906600,NaN,NaN,NaN,NaN,NaN,NaN,NaN
1741222800,0.505,0.515,0.505,0.505,1212200,NaN,NaN,NaN,NaN,NaN,NaN,NaN
1741309200,0.505,0.51,0.5,0.505,3133500,NaN,NaN,NaN,NaN,NaN,NaN,NaN
1741568400,0.505,0.515,0.505,0.505,3750800,NaN,NaN,NaN,NaN,NaN,NaN,NaN
1741654800,0.5,0.5,0.485,0.495,5385500,NaN,NaN,NaN,NaN,NaN,NaN,NaN
1741741200,0.495,0.495,0.485,0.49,3444700,NaN,NaN,NaN,NaN,NaN,NaN,NaN
1741827600,0.49,0.5,0.49,0.495,887000,NaN,NaN,NaN,NaN,NaN,NaN,NaN
1741914000,0.5,0.5,0.49,0.495,4330200,NaN,NaN,NaN,NaN,NaN,NaN,NaN
1742173200,0.5,0.505,0.5,0.5,1732500,NaN,NaN,NaN,NaN,NaN,NaN,NaN
1742346000,0.5,0.505,0.495,0.495,1162300,NaN,NaN,NaN,NaN,NaN,NaN,NaN
1742432400,0.5,0.51,0.495,0.5,1580300,NaN,NaN,NaN,NaN,NaN,NaN,NaN
1742518800,0.5,0.505,0.5,0.505,530600,NaN,NaN,NaN,NaN,NaN,NaN,NaN
1742778000,0.5,0.51,0.5,0.51,1509100,NaN,NaN,NaN,NaN,NaN,NaN,NaN
1742864400,0.51,0.51,0.505,0.505,964600,NaN,NaN,NaN,NaN,NaN,NaN,NaN
1742950800,0.505,0.51,0.5,0.505,465400,NaN,NaN,NaN,NaN,NaN,NaN,NaN
1743037200,0.505,0.505,0.5,0.5,328100,NaN,NaN,NaN,NaN,NaN,NaN,NaN
1743123600,0.5,0.505,0.495,0.495,2264500,NaN,NaN,NaN,NaN,NaN,NaN,NaN
1743555600,0.5,0.5,0.495,0.5,521800,NaN,NaN,NaN,NaN,NaN,NaN,NaN
1743642000,0.495,0.5,0.495,0.5,1568700,NaN,NaN,NaN,NaN,NaN,NaN,NaN
1743728400,0.495,0.5,0.495,0.495,869200,NaN,NaN,NaN,NaN,NaN,NaN,NaN
1743987600,0.495,0.495,0.465,0.465,8083700,NaN,NaN,NaN,NaN,NaN,NaN,NaN
1744074000,0.475,0.48,0.47,0.475,1759900,NaN,NaN,NaN,NaN,NaN,NaN,NaN
1744160400,0.475,0.475,0.46,0.465,4114200,NaN,NaN,NaN,NaN,NaN,NaN,NaN
1744246800,0.48,0.495,0.48,0.485,2843800,NaN,NaN,NaN,NaN,NaN,NaN,NaN
1744333200,0.485,0.485,0.475,0.485,841400,NaN,NaN,NaN,NaN,NaN,NaN,NaN
1744592400,0.49,0.505,0.49,0.505,1050500,NaN,NaN,NaN,NaN,NaN,NaN,NaN
1744678800,0.505,0.505,0.495,0.5,1265100,NaN,NaN,NaN,NaN,NaN,NaN,NaN
1744765200,0.495,0.5,0.49,0.49,1663500,NaN,NaN,NaN,NaN,NaN,NaN,NaN
1744851600,0.495,0.5,0.49,0.495,252000,NaN,NaN,NaN,NaN,NaN,NaN,NaN
1744938000,0.5,0.505,0.495,0.505,482600,NaN,NaN,NaN,NaN,NaN,NaN,NaN
1745197200,0.505,0.505,0.495,0.505,289300,NaN,NaN,NaN,NaN,NaN,NaN,NaN
1745283600,0.5,0.505,0.495,0.505,485600,NaN,NaN,NaN,NaN,NaN,NaN,NaN
1745370000,0.505,0.505,0.5,0.505,985200,NaN,NaN,NaN,NaN,NaN,NaN,NaN
1745456400,0.505,0.51,0.5,0.51,657500,NaN,NaN,NaN,NaN,NaN,NaN,NaN
1745542800,0.51,0.51,0.505,0.505,337200,NaN,NaN,NaN,NaN,NaN,NaN,NaN
1745802000,0.505,0.515,0.5,0.505,1935000,NaN,NaN,NaN,NaN,NaN,NaN,NaN
1745888400,0.505,0.51,0.5,0.505,563700,NaN,NaN,NaN,NaN,NaN,NaN,NaN
1745974800,0.51,0.52,0.505,0.515,5242600,NaN,NaN,NaN,NaN,NaN,NaN,NaN
1746147600,0.52,0.52,0.51,0.52,3794200,NaN,NaN,NaN,NaN,NaN,NaN,NaN
1746406800,0.52,0.52,0.51,0.52,2188700,NaN,NaN,NaN,NaN,NaN,NaN,NaN
1746493200,0.52,0.525,0.515,0.515,1273600,NaN,NaN,NaN,NaN,NaN,NaN,NaN
1746579600,0.515,0.525,0.505,0.505,11331900,NaN,NaN,NaN,NaN,NaN,NaN,NaN
1746666000,0.505,0.51,0.5,0.5,4778100,NaN,NaN,NaN,NaN,NaN,NaN,NaN
1746752400,0.505,0.505,0.5,0.5,3515600,NaN,NaN,NaN,NaN,NaN,NaN,NaN
1747098000,0.51,0.515,0.505,0.505,6248400,NaN,NaN,NaN,NaN,NaN,NaN,NaN
1747184400,0.5,0.5,0.495,0.495,2180300,NaN,NaN,NaN,NaN,NaN,NaN,NaN
1747270800,0.5,0.51,0.495,0.5,10057900,NaN,NaN,NaN,NaN,NaN,NaN,NaN
1747357200,0.5,0.505,0.5,0.5,1037400,NaN,NaN,NaN,NaN,NaN,NaN,NaN
1747616400,0.505,0.505,0.495,0.5,2725200,NaN,NaN,NaN,NaN,NaN,NaN,NaN
1747702800,0.505,0.51,0.5,0.5,2490100,NaN,NaN,NaN,NaN,NaN,NaN,NaN
1747789200,0.505,0.505,0.5,0.5,689900,NaN,NaN,NaN,NaN,NaN,NaN,NaN
1747875600,0.5,0.505,0.49,0.5,3034600,NaN,NaN,NaN,NaN,NaN,NaN,NaN
1747962000,0.495,0.505,0.495,0.505,649200,NaN,NaN,NaN,NaN,NaN,NaN,NaN
1748221200,0.505,0.505,0.495,0.5,451500,NaN,NaN,NaN,NaN,NaN,NaN,NaN
1748307600,0.505,0.505,0.495,0.5,704000,NaN,NaN,NaN,NaN,NaN,NaN,NaN
1748394000,0.5,0.51,0.495,0.505,2859800,NaN,NaN,NaN,NaN,NaN,NaN,NaN
1748480400,0.505,0.505,0.5,0.505,405800,NaN,NaN,NaN,NaN,NaN,NaN,NaN
1748566800,0.505,0.51,0.5,0.505,1272000,4972261500,2002605000,680963000,132651000.00000001,479061000,1242389000,7.32673267326733
1748912400,0.505,0.51,0.495,0.5,4881900,NaN,NaN,NaN,NaN,NaN,NaN,NaN
1748998800,0.5,0.51,0.495,0.5,1599400,NaN,NaN,NaN,NaN,NaN,NaN,NaN
1749085200,0.5,0.51,0.5,0.505,4467700,NaN,NaN,NaN,NaN,NaN,NaN,NaN
1749171600,0.505,0.51,0.5,0.5,1268900,NaN,NaN,NaN,NaN,NaN,NaN,NaN
1749430800,0.505,0.51,0.5,0.505,5697700,NaN,NaN,NaN,NaN,NaN,NaN,NaN
1749517200,0.505,0.51,0.5,0.505,6010100,NaN,NaN,NaN,NaN,NaN,NaN,NaN
1749603600,0.505,0.51,0.5,0.5,1733900,NaN,NaN,NaN,NaN,NaN,NaN,NaN
1749690000,0.505,0.51,0.5,0.51,1595200,NaN,NaN,NaN,NaN,NaN,NaN,NaN
1749776400,0.51,0.51,0.5,0.5,1241000,NaN,NaN,NaN,NaN,NaN,NaN,NaN
1750035600,0.5,0.505,0.5,0.5,584300,NaN,NaN,NaN,NaN,NaN,NaN,NaN
1750122000,0.505,0.51,0.5,0.5,1037400,NaN,NaN,NaN,NaN,NaN,NaN,NaN
1750208400,0.5,0.505,0.5,0.5,249700,NaN,NaN,NaN,NaN,NaN,NaN,NaN
1750294800,0.5,0.505,0.495,0.5,2061300,NaN,NaN,NaN,NaN,NaN,NaN,NaN
1750381200,0.5,0.505,0.5,0.5,320600,NaN,NaN,NaN,NaN,NaN,NaN,NaN
1750640400,0.5,0.505,0.495,0.5,865000,NaN,NaN,NaN,NaN,NaN,NaN,NaN
1750726800,0.505,0.505,0.495,0.5,1002400,NaN,NaN,NaN,NaN,NaN,NaN,NaN
1750813200,0.505,0.51,0.5,0.51,2373900,NaN,NaN,NaN,NaN,NaN,NaN,NaN
1750899600,0.51,0.51,0.5,0.5,423800,NaN,NaN,NaN,NaN,NaN,NaN,NaN
1751245200,0.505,0.51,0.5,0.5,6542200,NaN,NaN,NaN,NaN,NaN,NaN,NaN
1751331600,0.505,0.51,0.5,0.505,2139200,NaN,NaN,NaN,NaN,NaN,NaN,NaN
1751418000,0.505,0.515,0.505,0.505,3986100,NaN,NaN,NaN,NaN,NaN,NaN,NaN
1751504400,0.51,0.515,0.505,0.515,3026100,NaN,NaN,NaN,NaN,NaN,NaN,NaN
1751590800,0.51,0.515,0.505,0.51,1844300,NaN,NaN,NaN,NaN,NaN,NaN,NaN
1751850000,0.51,0.51,0.505,0.505,543400,NaN,NaN,NaN,NaN,NaN,NaN,NaN
1751936400,0.505,0.51,0.505,0.505,3029000,NaN,NaN,NaN,NaN,NaN,NaN,NaN
1752022800,0.505,0.515,0.505,0.51,1072700,NaN,NaN,NaN,NaN,NaN,NaN,NaN
1752109200,0.51,0.515,0.505,0.51,650400,NaN,NaN,NaN,NaN,NaN,NaN,NaN
1752195600,0.51,0.515,0.51,0.515,775800,NaN,NaN,NaN,NaN,NaN,NaN,NaN
1752454800,0.515,0.515,0.51,0.51,1571700,NaN,NaN,NaN,NaN,NaN,NaN,NaN
1752541200,0.51,0.515,0.505,0.505,1025300,NaN,NaN,NaN,NaN,NaN,NaN,NaN
1752627600,0.51,0.51,0.505,0.505,888500,NaN,NaN,NaN,NaN,NaN,NaN,NaN
1752714000,0.505,0.51,0.505,0.505,1494000,NaN,NaN,NaN,NaN,NaN,NaN,NaN
1752800400,0.505,0.51,0.505,0.505,868300,NaN,NaN,NaN,NaN,NaN,NaN,NaN
1753059600,0.505,0.51,0.5,0.505,2722500,NaN,NaN,NaN,NaN,NaN,NaN,NaN
1753146000,0.505,0.51,0.505,0.505,1082400,NaN,NaN,NaN,NaN,NaN,NaN,NaN
1753232400,0.505,0.505,0.5,0.505,1576300,NaN,NaN,NaN,NaN,NaN,NaN,NaN
1753318800,0.505,0.505,0.5,0.505,1302500,NaN,NaN,NaN,NaN,NaN,NaN,NaN
1753405200,0.505,0.51,0.5,0.51,1350500,NaN,NaN,NaN,NaN,NaN,NaN,NaN
1753664400,0.505,0.51,0.505,0.505,2044000,NaN,NaN,NaN,NaN,NaN,NaN,NaN
1753750800,0.505,0.51,0.505,0.505,2762300,NaN,NaN,NaN,NaN,NaN,NaN,NaN
1753837200,0.505,0.51,0.5,0.505,2958100,NaN,NaN,NaN,NaN,NaN,NaN,NaN
1753923600,0.505,0.51,0.5,0.505,2062500,NaN,NaN,NaN,NaN,NaN,NaN,NaN
1754010000,0.505,0.51,0.505,0.505,1658800,NaN,NaN,NaN,NaN,NaN,NaN,NaN
1754269200,0.51,0.52,0.51,0.515,5043500,NaN,NaN,NaN,NaN,NaN,NaN,NaN
1754355600,0.515,0.52,0.51,0.515,3418400,NaN,NaN,NaN,NaN,NaN,NaN,NaN
1754442000,0.515,0.52,0.51,0.515,3435800,NaN,NaN,NaN,NaN,NaN,NaN,NaN
1754528400,0.515,0.515,0.51,0.51,1453600,NaN,NaN,NaN,NaN,NaN,NaN,NaN
1754614800,0.51,0.515,0.505,0.505,6907800,NaN,NaN,NaN,NaN,NaN,NaN,NaN
1754874000,0.505,0.51,0.505,0.505,3075700,NaN,NaN,NaN,NaN,NaN,NaN,NaN
1754960400,0.505,0.515,0.505,0.515,2686500,NaN,NaN,NaN,NaN,NaN,NaN,NaN
1755046800,0.51,0.51,0.5,0.505,6282400,NaN,NaN,NaN,NaN,NaN,NaN,NaN
1755133200,0.51,0.515,0.505,0.51,4739900,NaN,NaN,NaN,NaN,NaN,NaN,NaN
1755219600,0.51,0.515,0.505,0.51,3088000,NaN,NaN,NaN,NaN,NaN,NaN,NaN
1755478800,0.51,0.52,0.51,0.515,3784800,NaN,NaN,NaN,NaN,NaN,NaN,NaN
1755565200,0.515,0.55,0.515,0.53,8287500,NaN,NaN,NaN,NaN,NaN,NaN,NaN
1755651600,0.535,0.535,0.52,0.525,6187500,NaN,NaN,NaN,NaN,NaN,NaN,NaN
1755738000,0.53,0.54,0.52,0.525,6928800,NaN,NaN,NaN,NaN,NaN,NaN,NaN
1755824400,0.53,0.53,0.525,0.525,3199400,NaN,NaN,NaN,NaN,NaN,NaN,NaN
1756083600,0.525,0.53,0.52,0.525,5224300,NaN,NaN,NaN,NaN,NaN,NaN,NaN
1756170000,0.525,0.53,0.515,0.515,4307500,NaN,NaN,NaN,NaN,NaN,NaN,NaN
1756256400,0.515,0.525,0.515,0.525,2589500,NaN,NaN,NaN,NaN,NaN,NaN,NaN
1756342800,0.525,0.525,0.515,0.515,1141900,NaN,NaN,NaN,NaN,NaN,NaN,NaN
1756429200,0.515,0.52,0.51,0.515,4548800,NaN,NaN,NaN,NaN,NaN,NaN,NaN
1756774800,0.51,0.515,0.5,0.505,8705000,NaN,NaN,NaN,NaN,NaN,NaN,NaN
1756861200,0.505,0.51,0.505,0.505,1932700,NaN,NaN,NaN,NaN,NaN,NaN,NaN
1756947600,0.505,0.51,0.5,0.5,4606400,NaN,NaN,NaN,NaN,NaN,NaN,NaN
1757293200,0.5,0.505,0.49,0.5,10861600,NaN,NaN,NaN,NaN,NaN,NaN,NaN
1757379600,0.505,0.505,0.49,0.5,3502300,NaN,NaN,NaN,NaN,NaN,NaN,NaN
1757466000,0.5,0.5,0.495,0.495,1456600,NaN,NaN,NaN,NaN,NaN,NaN,NaN
1757552400,0.495,0.5,0.49,0.5,3097000,NaN,NaN,NaN,NaN,NaN,NaN,NaN
1757638800,0.5,0.5,0.495,0.5,449100,NaN,NaN,NaN,NaN,NaN,NaN,NaN
1758070800,0.5,0.505,0.495,0.5,5258200,NaN,NaN,NaN,NaN,NaN,NaN,NaN
1758157200,0.495,0.5,0.495,0.495,1309000,NaN,NaN,NaN,NaN,NaN,NaN,NaN
1758243600,0.5,0.5,0.495,0.5,1911100,NaN,NaN,NaN,NaN,NaN,NaN,NaN
1758502800,0.5,0.505,0.495,0.505,707400,NaN,NaN,NaN,NaN,NaN,NaN,NaN
1758589200,0.505,0.505,0.495,0.5,3996200,NaN,NaN,NaN,NaN,NaN,NaN,NaN
1758675600,0.5,0.505,0.5,0.505,914500,NaN,NaN,NaN,NaN,NaN,NaN,NaN
1758762000,0.505,0.505,0.5,0.505,875100,NaN,NaN,NaN,NaN,NaN,NaN,NaN
1758848400,0.505,0.505,0.5,0.5,1746100,NaN,NaN,NaN,NaN,NaN,NaN,NaN