Ticker,Code,Name,Industry,Sector,Market,Available?
AMBANK,1015,AMMB HOLDINGS BERHAD,Banking,Financial Services,Main Market,1
ASTRO,6399,ASTRO MALAYSIA HOLDINGS BERHAD,Media,Telecommunications & Media,Main Market,1
AXIATA,6888,AXIATA GROUP BERHAD,Telecommunications Service Providers,Telecommunications & Media,Main Market,1
CIMB,1023,CIMB GROUP HOLDINGS BERHAD,Banking,Financial Services,Main Market,1
CDB,6947,CELCOMDIGI BERHAD,Telecommunications Service Providers,Telecommunications & Media,Main Market,1
GENTING,3182,GENTING BERHAD,"Travel, Leisure & Hospitality",Consumer Products & Services,Main Market,1
GENM,4715,GENTING MALAYSIA BERHAD,"Travel, Leisure & Hospitality",Consumer Products & Services,Main Market,1
HAPSENG,3034,HAP SENG CONSOLIDATED BERHAD,Diversified Industrials,Industrial Products & Services,Main Market,1
HLBANK,5819,HONG LEONG BANK BERHAD,Banking,Financial Services,Main Market,1
HLFG,1082,HONG LEONG FINANCIAL GROUP BERHAD,Banking,Financial Services,Main Market,1
IHH,5225,IHH HEALTHCARE BERHAD,Health Care Providers,Health Care,Main Market,1
IOICORP,1961,IOI CORPORATION BERHAD,Plantation,Plantation,Main Market,1
KLCC,5235SS,KLCC PROP&REITS-STAPLED SEC,Real Estate Investment Trusts,Real Estate Investment Trusts,Main Market,1
KLK,2445,KUALA LUMPUR KEPONG BERHAD,Plantation,Plantation,Main Market,1
MAYBANK,1155,MALAYAN BANKING BERHAD,Banking,Financial Services,Main Market,1
MAXIS,6012,MAXIS BERHAD,Telecommunications Service Providers,Telecommunications & Media,Main Market,1
MISC,3816,MISC BERHAD,Transportation & Logistics Services,Transportation & Logistics,Main Market,1
NESTLE,4707,NESTLE (MALAYSIA) BERHAD,Food & Beverages,Consumer Products & Services,Main Market,1
PCHEM,5183,PETRONAS CHEMICALS GROUP BERHAD,Chemicals,Industrial Products & Services,Main Market,1
PETDAG,5681,PETRONAS DAGANGAN BHD,Retailers,Consumer Products & Services,Main Market,1
PETGAS,6033,PETRONAS GAS BERHAD,"Gas, Water & Multi-Utilities",Utilities,Main Market,1
PPB,4065,PPB GROUP BERHAD,Food & Beverages,Consumer Products & Services,Main Market,1
PMETAL,8869,PRESS METAL ALUMINIUM HOLDINGS BERHAD,Metals,Industrial Products & Services,Main Market,1
PBBANK,1295,PUBLIC BANK BERHAD,Banking,Financial Services,Main Market,1
RHBBANK,1066,RHB BANK BERHAD,Banking,Financial Services,Main Market,1
SIME,4197,SIME DARBY BERHAD,Automotive,Consumer Products & Services,Main Market,1
SDG,5285,SD GUTHRIE BERHAD,Plantation,Plantation,Main Market,1
TM,4863,TELEKOM MALAYSIA BERHAD,Telecommunications Service Providers,Telecommunications & Media,Main Market,1
TENAGA,5347,TENAGA NASIONAL BHD,Electricity,Utilities,Main Market,1
YTL,4677,YTL CORPORATION BERHAD,"Gas, Water & Multi-Utilities",Utilities,Main Market,1
SEM,5250,7-ELEVEN MALAYSIA HOLDINGS BERHAD,Retailers,Consumer Products & Services,Main Market,1
AEONCR,5139,AEON CREDIT SERVICE (M) BERHAD,Other Financials,Financial Services,Main Market,1
CAPITALA,5099,CAPITAL A BERHAD,"Travel, Leisure & Hospitality",Consumer Products & Services,Main Market,1
ABMB,2488,ALLIANCE BANK MALAYSIA BERHAD,Banking,Financial Services,Main Market,1
BJCORP,3395,BERJAYA CORPORATION BERHAD,Diversified Industrials,Industrial Products & Services,Main Market,1
SPTOTO,1562,SPORTS TOTO BERHAD,"Travel, Leisure & Hospitality",Consumer Products & Services,Main Market,1
BAUTO,5248,BERMAZ AUTO BERHAD,Automotive,Consumer Products & Services,Main Market,1
BAT,4162,BRITISH AMERICAN TOBACCO (MALAYSIA) BERHAD,Personal Goods,Consumer Products & Services,Main Market,1
ARMADA,5210,BUMI ARMADA BERHAD,"Energy, Infrastructure, Equipment & Services",Energy,Main Market,1
BURSA,1818,BURSA MALAYSIA BERHAD,Other Financials,Financial Services,Main Market,1
CMSB,2852,CAHYA MATA SARAWAK BERHAD,Building Materials,Industrial Products & Services,Main Market,1
CLMT,5180,CAPITALAND MALAYSIA TRUST,Real Estate Investment Trusts,Real Estate Investment Trusts,Main Market,1
DIALOG,7277,DIALOG GROUP BERHAD,"Energy, Infrastructure, Equipment & Services",Energy,Main Market,1
DRBHCOM,1619,DRB-HICOM BERHAD,Automotive,Consumer Products & Services,Main Market,1
E&O,3417,EASTERN & ORIENTAL BERHAD,Property,Property,Main Market,1
EWICAP,5283,ECO WORLD INTERNATIONAL BERHAD,Property,Property,Main Market,1
EKOVEST,8877,EKOVEST BERHAD,Construction,Construction,Main Market,1
F&N,3689,FRASER & NEAVE HOLDINGS BHD,Food & Beverages,Consumer Products & Services,Main Market,1
GAMUDA,5398,GAMUDA BERHAD,Construction,Construction,Main Market,1
GASMSIA,5209,GAS MALAYSIA BERHAD,"Gas, Water & Multi-Utilities",Utilities,Main Market,1
GDEX,78,GDEX BERHAD,Transportation & Logistics Services,Transportation & Logistics,Main Market,1
GENP,2291,GENTING PLANTATIONS BERHAD,Plantation,Plantation,Main Market,1
HARTA,5168,HARTALEGA HOLDINGS BERHAD,Health Care Equipment & Services,Health Care,Main Market,1
HENGYUAN,4324,HENGYUAN REFINING COMPANY BERHAD,Oil & Gas Producers,Energy,Main Market,1
HLIND,3301,HONG LEONG INDUSTRIES BERHAD,Automotive,Consumer Products & Services,Main Market,1
IGBREIT,5227,IGB REAL ESTATE INVESTMENT TRUST,Real Estate Investment Trusts,Real Estate Investment Trusts,Main Market,1
IJM,3336,IJM CORPORATION BERHAD,Construction,Construction,Main Market,1
INARI,166,INARI AMERTRON BERHAD,Semiconductors,Technology,Main Market,1
IOIPG,5249,IOI PROPERTIES GROUP BERHAD,Property,Property,Main Market,1
KOSSAN,7153,KOSSAN RUBBER INDUSTRIES BERHAD,Health Care Equipment & Services,Health Care,Main Market,1
KPJ,5878,KPJ HEALTHCARE BERHAD,Health Care Providers,Health Care,Main Market,1
LCTITAN,5284,LOTTE CHEMICAL TITAN HOLDING BERHAD,Chemicals,Industrial Products & Services,Main Market,1
MALAKOF,5264,MALAKOFF CORPORATION BERHAD,Electricity,Utilities,Main Market,1
MCEMENT,3794,MALAYAN CEMENT BERHAD,Building Materials,Industrial Products & Services,Main Market,1
MBSB,1171,MBSB BERHAD,Other Financials,Financial Services,Main Market,1
MPI,3867,MALAYSIAN PACIFIC INDUSTRIES BERHAD,Semiconductors,Technology,Main Market,1
MRCB,1651,MALAYSIAN RESOURCES CORPORATION BERHAD,Property,Property,Main Market,1
ZETRIX,138,MY E.G. SERVICES BERHAD,Digital Services,Technology,Main Market,1
PADINI,7052,PADINI HOLDINGS BERHAD,Retailers,Consumer Products & Services,Main Market,1
PAVREIT,5212,PAVILION REAL ESTATE INVESTMENT TRUST,Real Estate Investment Trusts,Real Estate Investment Trusts,Main Market,1
PETRONM,3042,PETRON MALAYSIA REFINING & MARKETING BERHAD,Oil & Gas Producers,Energy,Main Market,1
BVLH,3042,BV LAND HOLDINGS BERHAD,Construction,Construction,Leap Market,0
POS,4634,POS MALAYSIA BERHAD,Transportation & Logistics Services,Transportation & Logistics,Main Market,1
VANTNRG,5218,SAPURA ENERGY BERHAD,"Energy, Infrastructure, Equipment & Services",Energy,Main Market,1
SCIENTX,4731,SCIENTEX BERHAD,Packaging Materials,Industrial Products & Services,Main Market,1
SIMEPROP,5288,SIME DARBY PROPERTY BERHAD,Property,Property,Main Market,1
SKPRES,7155,SKP RESOURCES BHD,"Industrial Materials, Components & Equipment",Industrial Products & Services,Main Market,1
SPSETIA,8664,S P SETIA BERHAD,Property,Property,Main Market,1
SUNWAY,5211,SUNWAY BERHAD,Diversified Industrials,Industrial Products & Services,Main Market,1
SUNCON,5263,SUNWAY CONSTRUCTION GROUP BERHAD,Construction,Construction,Main Market,1
SUNREIT,5176,SUNWAY REAL ESTATE INVESTMENT TRUST,Real Estate Investment Trusts,Real Estate Investment Trusts,Main Market,1
TAKAFUL,6139,SYARIKAT TAKAFUL MALAYSIA KELUARGA BERHAD,Insurance,Financial Services,Main Market,1
TAANN,5012,TA ANN HOLDINGS BERHAD,Plantation,Plantation,Main Market,1
TIMECOM,5031,TIME DOTCOM BERHAD,Telecommunications Service Providers,Telecommunications & Media,Main Market,1
TOPGLOV,7113,TOP GLOVE CORPORATION BHD,Health Care Equipment & Services,Health Care,Main Market,1
UEMS,5148,UEM SUNRISE BERHAD,Property,Property,Main Market,1
UNISEM,5005,UNISEM (M) BERHAD,Semiconductors,Technology,Main Market,1
UOADEV,5200,UOA DEVELOPMENT BHD,Property,Property,Main Market,1
VS,6963,V.S. INDUSTRY BERHAD,"Industrial Materials, Components & Equipment",Industrial Products & Services,Main Market,1
WCT,9679,WCT HOLDINGS BERHAD,Construction,Construction,Main Market,1
WPRTS,5246,WESTPORTS HOLDINGS BERHAD,Transportation & Logistics Services,Transportation & Logistics,Main Market,1
YINSON,7293,YINSON HOLDINGS BERHAD,"Energy, Infrastructure, Equipment & Services",Energy,Main Market,1
YTLREIT,5109,YTL HOSPITALITY REIT,Real Estate Investment Trusts,Real Estate Investment Trusts,Main Market,1
YTLPOWR,6742,YTL POWER INTERNATIONAL BHD,"Gas, Water & Multi-Utilities",Utilities,Main Market,1
KERJAYA,7161,KERJAYA PROSPEK GROUP BERHAD,Construction,Construction,Main Market,1
MAGNUM,3859,MAGNUM BERHAD,"Travel, Leisure & Hospitality",Consumer Products & Services,Main Market,1
QL,7084,QL RESOURCES BERHAD,Agricultural Products,Consumer Products & Services,Main Market,1
SUPERMX,7106,SUPERMAX CORPORATION BERHAD,Health Care Equipment & Services,Health Care,Main Market,1
VELESTO,5243,VELESTO ENERGY BERHAD,"Energy, Infrastructure, Equipment & Services",Energy,Main Market,1
VITROX,97,VITROX CORPORATION BERHAD,Semiconductors,Technology,Main Market,1
AEON,6599,AEON CO. (M) BHD,Retailers,Consumer Products & Services,Main Market,1
CARLSBG,2836,CARLSBERG BREWERY MALAYSIA BERHAD,Food & Beverages,Consumer Products & Services,Main Market,1
HIBISCS,5199,HIBISCUS PETROLEUM BERHAD,Oil & Gas Producers,Energy,Main Market,1
MATRIX,5236,MATRIX CONCEPTS HOLDINGS BERHAD,Property,Property,Main Market,1
FRONTKN,128,FRONTKEN CORPORATION BERHAD,Semiconductors,Technology,Main Market,1
GCB,5102,GUAN CHONG BERHAD,Food & Beverages,Consumer Products & Services,Main Market,1
MUHIBAH,5703,MUHIBBAH ENGINEERING (M) BHD,Construction,Construction,Main Market,1
PENTA,7160,PENTAMASTER CORPORATION BERHAD,Technology Equipment,Technology,Main Market,1
LHI,6633,LEONG HUP INTERNATIONAL BERHAD,Agricultural Products,Consumer Products & Services,Main Market,1
AXREIT,5106,AXIS REAL ESTATE INVESTMENT TRUST,Real Estate Investment Trusts,Real Estate Investment Trusts,Main Market,1
NEXG,5216,DATASONIC GROUP BERHAD,Digital Services,Technology,Main Market,1
MFCB,3069,MEGA FIRST CORPORATION BERHAD,Electricity,Utilities,Main Market,1
MI,5286,MI TECHNOVATION BERHAD,Technology Equipment,Technology,Main Market,1
WAVEFRNT,8176,WAVEFRONT BERHAD,"Industrial Materials, Components & Equipment",Industrial Products & Services,Main Market,1
DPHARMA,7148,DUOPHARMA BIOTECH BERHAD,Pharmaceuticals,Health Care,Main Market,1
HEIM,3255,HEINEKEN MALAYSIA BERHAD,Food & Beverages,Consumer Products & Services,Main Market,1
MRDIY,5296,MR D.I.Y. GROUP (M) BERHAD,Retailers,Consumer Products & Services,Main Market,1
UWC,5292,UWC BERHAD,Semiconductors,Technology,Main Market,1
D&O,7204,D & O GREEN TECHNOLOGIES BERHAD,Semiconductors,Technology,Main Market,1
GREATEC,208,GREATECH TECHNOLOGY BERHAD,Technology Equipment,Technology,Main Market,1
ALLIANZ,1163,ALLIANZ MALAYSIA BERHAD,Insurance,Financial Services,Main Market,1
CTOS,5301,CTOS DIGITAL BERHAD,Digital Services,Technology,Main Market,1
DUFU,7233,DUFU TECHNOLOGY CORP. BERHAD,"Industrial Materials, Components & Equipment",Industrial Products & Services,Main Market,1
ECOWLD,8206,ECO WORLD DEVELOPMENT GROUP BERHAD,Property,Property,Main Market,1
HONGSENG,41,HONG SENG CONSOLIDATED BERHAD,Software,Technology,Main Market,1
SAM,9822,SAM ENGINEERING & EQUIPMENT (M) BERHAD,"Industrial Materials, Components & Equipment",Industrial Products & Services,Main Market,1
CHINHIN,5273,CHIN HIN GROUP BERHAD,Building Materials,Industrial Products & Services,Main Market,1
DNEX,4456,DAGANG NEXCHANGE BERHAD,Digital Services,Technology,Main Market,1
FFB,5306,FARM FRESH BERHAD,Food & Beverages,Consumer Products & Services,Main Market,1
HEXTAR,5151,HEXTAR GLOBAL BERHAD,Chemicals,Industrial Products & Services,Main Market,1
SOP,5126,SARAWAK OIL PALMS BERHAD,Plantation,Plantation,Main Market,1
AFFIN,5185,AFFIN BANK BERHAD,Banking,Financial Services,Main Market,1
BJFOOD,5196,BERJAYA FOOD BERHAD,"Travel, Leisure & Hospitality",Consumer Products & Services,Main Market,1
DAYANG,5141,DAYANG ENTERPRISE HOLDINGS BERHAD,"Energy, Infrastructure, Equipment & Services",Energy,Main Market,1
HEXTECH,5136,HEXTAR TECHNOLOGIES SOLUTIONS BERHAD,Transportation & Logistics Services,Transportation & Logistics,Main Market,1
HLCAP,5274,HONG LEONG CAPITAL BERHAD,Other Financials,Financial Services,Main Market,1
PMBTECH,7172,PMB TECHNOLOGY BERHAD,Metals,Industrial Products & Services,Main Market,1
UCHITEC,7100,UCHI TECHNOLOGIES BERHAD,"Industrial Materials, Components & Equipment",Industrial Products & Services,Main Market,1
UTDPLT,2089,UNITED PLANTATIONS BERHAD,Plantation,Plantation,Main Market,1
ITMAX,5309,ITMAX SYSTEM BERHAD,Digital Services,Technology,Main Market,1
MAHSING,8583,MAH SING GROUP BERHAD,Property,Property,Main Market,1
TSH,9059,TSH RESOURCES BERHAD,Plantation,Plantation,Main Market,1
BIMB,5258,BANK ISLAM MALAYSIA BERHAD,Banking,Financial Services,Main Market,1
DXN,5318,DXN HOLDINGS BHD.,Retailers,Consumer Products & Services,Main Market,1
OSK,5053,OSK HOLDINGS BERHAD,Property,Property,Main Market,1
WCEHB,3565,WCE HOLDINGS BERHAD,Construction,Construction,Main Market,1
RCECAP,9296,RCE CAPITAL BERHAD,Other Financials,Financial Services,Main Market,1
99SMART,5326,99 SPEED MART RETAIL HOLDINGS BERHAD,Retailers,Consumer Products & Services,Main Market,1
NATGATE,270,NATIONGATE HOLDINGS BERHAD,"Industrial Materials, Components & Equipment",Industrial Products & Services,Main Market,1
ORIENT,4006,ORIENTAL HOLDINGS BERHAD,Automotive,Consumer Products & Services,Main Market,1
TANCO,2429,TANCO HOLDINGS BERHAD,Property,Property,Main Market,1
JPG,5323,JOHOR PLANTATIONS GROUP BERHAD,Plantation,Plantation,Main Market,1
TROP,5401,TROPICANA CORPORATION BERHAD,Property,Property,Main Market,1
FGV,5222,FGV HOLDINGS BERHAD,Plantation,Plantation,Delisted,0
LITRAK,6645,LINGKARAN TRANS KOTA HOLDINGS BHD,Transportation & Logistics Services,Transportation & Logistics,Delisted,0
AIRPORT,5014,MALAYSIA AIRPORTS HOLDINGS BHD,Transportation & Logistics Services,Transportation & Logistics,Delisted,0
MMCCORP,2194,MMC CORPORATION BHD,Transportation & Logistics Services,Transportation & Logistics,Delisted,0
SERBADK,5279,SERBA DINAMIK HOLDINGS BERHAD,"Energy, Infrastructure, Equipment & Services",Technology,Delisted,0
UMW,4588,UMW HOLDINGS BHD,Automotive,Consumer Products & Services,Delisted,0
TAGB,5158,TA GLOBAL BHD,Property,Property,Delisted,0
BPLANT,5254,BOUSTEAD PLANTATIONS BHD,Plantation,Plantation,Delisted,0
GHLSYS,21,GHL SYSTEMS BHD,Digital Services,Technology,Delisted,0
BSTEAD,2771,BOUSTEAD HOLDINGS BHD,Diversified Industrials,Industrial Products & Services,Delisted,0
